File name,Euler number,Trabecular thickness (plate model),Trabecular pattern factor,Bone perimeter / area ratio,Number of objects,Average object area,Average object area-equivalent circle diameter
im000600.png,-0.9188474738278056,1.5729731099156883,-1.260770617662829,-1.4677332871738247,-0.8494439899390006,1.4516282465037509,1.47219401218402
im000599.png,-0.8689238854421136,1.5322953481900874,-1.2383237653393857,-1.44776162192135,-0.8024453991264738,1.4053644312274904,1.4197948924117443
im000598.png,-0.8615542617927672,1.2425935955903868,-1.351807130292413,-1.2041325497664321,-0.7760199258011999,1.436602775706785,1.51431749635564
im000597.png,-1.0867040088841593,1.548264226748415,-1.2353164300937993,-1.3413569081252794,-1.0065550506366536,1.5286080112143918,1.5930601597770846
im000596.png,-1.1593578223380474,1.5612681450005748,-1.2671722181370677,-1.3245353215629045,-1.072984916915368,1.590261030059048,1.6725211038937644
im000595.png,-0.9498432237924826,1.4668511617845128,-1.2049992671631526,-1.326870846669887,-0.8771282047064991,1.4238545545857078,1.4681358259617998
im000594.png,-1.0548700945379317,1.504419301094163,-1.2113747518307816,-1.307689421328725,-0.9763901715393997,1.4913310298033893,1.554574108339285
im000593.png,-1.1381051822395536,1.5390004884235557,-1.2090385773901207,-1.2947401302216102,-1.0557157605808227,1.5409227769844929,1.6176763850240579
im000592.png,-1.1751520100252957,1.532848450650437,-1.243134983390513,-1.279569685025919,-1.0879451510284741,1.581614210212298,1.6713391686074661
im000591.png,-1.2394523850686539,1.52260906464421,-1.2230243062172244,-1.226896013992649,-1.1487255658054472,1.6048123315606027,1.7106768748791605
im000590.png,-1.1902635594899802,1.4241444310381541,-1.231793818732267,-1.1599983922806163,-1.0979915461324365,1.5711648217832461,1.6847380638138991
im000589.png,-1.0254370668583837,1.3521796579410361,-1.1663099142230413,-1.1585239860835899,-0.9450186840197948,1.4305886779509973,1.512521315292776
im000588.png,-1.0565835670220178,1.3309732636222067,-1.1696538303361503,-1.1213863730618239,-0.9729551092806042,1.4478358755766747,1.5417697405017148
im000587.png,-0.9836769957851396,1.2585347307356765,-1.1121972282189334,-1.0710174806367039,-0.9052518685670335,1.3640342678141197,1.4495745746580135
im000586.png,-0.8884542844818458,1.2547409698266692,-1.0695237291857476,-1.1058357658867324,-0.8188209583862501,1.284165767921492,1.3437280001924148
im000585.png,-0.8413679020825283,1.2338504592153225,-1.0201612870096723,-1.0947343606740865,-0.7769707471753547,1.225613866295441,1.2737699714308777
im000584.png,-0.6211695492367779,1.2082505862038904,-0.9264586181619615,-1.1603161812160718,-0.5760657518448429,1.0420119539846953,1.0337475602710675
im000583.png,-0.5633380491854018,1.1619532192406947,-0.9313498145924843,-1.1484270360229736,-0.5197796307256528,1.0070109265949336,0.9939303846908834
im000582.png,-0.5061545615672705,1.1468361491378087,-0.909984141446958,-1.1580980107173882,-0.4670562404287774,0.9601570740499233,0.934299730972661
im000581.png,-0.5554410951441633,1.1521368323266141,-0.9169570334990133,-1.1382672266176117,-0.5128571224136209,0.9928209510669657,0.9785646942808286
im000580.png,-0.7317463402907676,1.1934785601796702,-0.916854092879033,-1.0809700663816175,-0.6791939034087792,1.0971814655786,1.1181043772019261
im000579.png,-0.5736297274595887,1.1244831917824305,-0.9088321571670782,-1.0980994364214967,-0.5291174997444685,0.9951432784667322,0.9900523505434689
im000578.png,-0.7193921501731834,1.1647971089858487,-0.9531149983558215,-1.0717680866272654,-0.6642077690728738,1.1086801962837551,1.1350056989595394
im000577.png,-0.7828787049691022,1.1515914525422024,-0.9677485461437348,-1.0283512456248916,-0.721986165039719,1.151888648717638,1.1974845605176063
im000576.png,-0.7227452002481304,1.1603341680689392,-0.9538550981102584,-1.0657459118179626,-0.6670969604211933,1.1105196538868838,1.138589348641721
im000575.png,-0.717493304858647,1.0964984138793923,-0.985884609282265,-1.0164524142617168,-0.6574613513766647,1.1195552902518204,1.1612379756480802
im000574.png,-0.6904691566806475,1.098922394082239,-0.9893269036133612,-1.035042551345603,-0.6321392172701695,1.1065946994086764,1.1414607354188648
im000573.png,-0.8049430941618706,1.1302761803174641,-1.001853318148143,-1.0065465569333603,-0.7395717027484872,1.1824026347057854,1.2402358569686107
im000572.png,-0.8466161363724655,1.095417018649051,-1.040456240585892,-0.9619788107873363,-0.7745909856675012,1.22518595101717,1.3030392037469731
im000571.png,-0.6955046579410293,1.0272975153929789,-1.065149401416211,-0.9871236206859538,-0.6291002420264411,1.1467997450540262,1.2027806616226298
im000570.png,-0.5408289227503664,0.9764407238029954,-1.0184717640016527,-1.0071949227776131,-0.4853776008943286,1.025600186597248,1.049832300023717
im000569.png,-0.4644326138086442,0.9770786361732605,-0.996128321044533,-1.0427807968906295,-0.4154722678658514,0.9690573233257029,0.9726780401106943
im000568.png,-0.5314709081789945,1.0165588720819159,-0.9705817012806986,-1.0358414660876876,-0.4813086926194677,0.9961350432633471,1.0065088528215844
im000567.png,-0.6105805335918311,1.0580820835007796,-0.9723518452864699,-1.0334285278267077,-0.5568377535490634,1.0466306030096733,1.0684859737436188
im000566.png,-0.6591924697929574,1.081722046165259,-1.0215560759802402,-1.046342611920803,-0.6002412364330393,1.1062599902945203,1.1393503576672597
im000565.png,-0.6703444159147026,1.1152523744255907,-1.0095665337585065,-1.0691975562688798,-0.6128409767021583,1.1091587170109647,1.1375383912076915
im000564.png,-0.7462803824283599,1.149300858377789,-1.042504849564692,-1.0716950148004185,-0.6831865288142936,1.1756813783654774,1.218684538864497
im000563.png,-0.6717807676235779,1.110813140217612,-1.0239120403826347,-1.0688595883370309,-0.6131151062768218,1.1180627309323272,1.1487916314701254
im000562.png,-0.6604204903939608,1.1009593938633675,-1.000914783752033,-1.0576839330672645,-0.6034823473782717,1.0967563471447848,1.124785813583377
im000561.png,-0.8357201552873069,1.160881743363224,-1.0554531497712567,-1.037744871276214,-0.7663686421938993,1.2353529918900399,1.2990520832754127
im000560.png,-0.6632716029839091,1.1176966944899385,-1.0210583686357098,-1.0794266179706795,-0.6056485050080416,1.1123115674179698,1.1393968326904307
im000559.png,-0.5692066610273236,1.0640286252607503,-1.037230967170029,-1.0842269364113726,-0.5145419240651576,1.0627316908947957,1.0784461725183363
im000558.png,-0.6696917156207333,1.0947719580747843,-1.074115587645235,-1.0711362289267066,-0.6074120875105398,1.1451393616897882,1.1824442999386415
im000557.png,-0.7932721523850153,1.1750447886518824,-1.1123946593342064,-1.094573333618609,-0.7239118755431444,1.24701627543616,1.302090956792932
im000556.png,-0.8156959421338407,1.2072706113264287,-1.1293264589140792,-1.1196359990618896,-0.7452144649219504,1.2734651432579551,1.329137110447376
im000555.png,-0.8858727395692798,1.2112240402562464,-1.1446140157463085,-1.0896609561059443,-0.8099453815679835,1.3227789672515724,1.3960900854816964
im000554.png,-0.8590857218796192,1.230589699515374,-1.1272776160947762,-1.1178305268273463,-0.7868478158657007,1.2994138019931671,1.3610381791589004
im000553.png,-0.8392818388857365,1.2620194430406548,-1.145051814676679,-1.1658839878031113,-0.7686580899011435,1.3023793208218672,1.354476967404148
im000552.png,-0.8445302652742146,1.2710781967292615,-1.1369848272227607,-1.1691845854947511,-0.7744419179723537,1.3015368484800776,1.3525265507547408
im000551.png,-0.7581570684217454,1.2381772965810238,-1.1458879151838224,-1.1877564263429388,-0.6918618461562662,1.254289995668264,1.2911959638554842
im000550.png,-0.7176784298295971,1.2155573322781976,-1.1300789571134657,-1.182602165018692,-0.6540617356421807,1.2193745279994685,1.2494894273262684
im000549.png,-0.6495195442006041,1.1956889703349678,-1.147855477892384,-1.2069057675096264,-0.5885082718260789,1.1892130601664652,1.20788703092726
im000548.png,-0.6590305075635,1.1815302890335244,-1.1590167071645012,-1.1914033692962274,-0.5960869058279179,1.1996883532662905,1.224318847552331
im000547.png,-0.5843703108597688,1.175230862036054,-1.1154965673399697,-1.212022179583715,-0.5287867858070787,1.130668592925259,1.1347763886292186
im000546.png,-0.44887555428724224,1.1223222188804343,-1.1427787365354671,-1.2443725124948508,-0.39837591110475523,1.0643794032273175,1.0477010923145627
im000545.png,-0.3770513317219047,1.0641321432337012,-1.1166062691067824,-1.2180349452368966,-0.33040204477568463,1.0015231539311542,0.9764392936764118
im000544.png,-0.37588449645348376,1.0292733821933882,-1.144759519002719,-1.1937717401090275,-0.32607924418134915,1.0138046652997246,0.9974169522534659
im000543.png,0.14077939853701127,0.5977777833077337,-1.2688078191238492,-1.0970368579764436,0.1824454856476843,0.747211222584661,0.6976307870232017
im000542.png,-0.5180179866820371,1.0431214149883623,-1.2627744211244842,-1.1682258245206651,-0.4521434630413929,1.1664640985715249,1.1915761818086914
im000541.png,-0.8612358909197743,1.2329825116632143,-1.2703069967328624,-1.1672974189341365,-0.7802599738707128,1.3865424230288153,1.459575345765456
im000540.png,-0.729212480505747,1.2106922278577508,-1.2145208446974978,-1.1998973296549378,-0.6594771759166156,1.2759176276045001,1.3164979753125465
im000539.png,-0.7353050313596408,1.2252335304398374,-1.1833041402269033,-1.20032423128145,-0.6676959870983219,1.2623071754033586,1.299088684123119
im000538.png,-0.6472462820027788,1.2113488994696202,-1.1897828791668974,-1.2377917831965597,-0.5845205420404666,1.2147908579124602,1.233201729024621
im000537.png,-0.6992375677429504,1.2232187655555837,-1.1842154884962888,-1.2187078918428682,-0.6338949083599874,1.2422145259792061,1.2706225649073042
im000536.png,-0.7683781521980216,1.2762328685070037,-1.1683702987933702,-1.227238489743666,-0.7016939336567429,1.2778112928450656,1.311636713039731
im000535.png,-0.7964777011906818,1.280961871966776,-1.214659066774405,-1.2319069144503783,-0.7253073083172691,1.3219619024837956,1.365427216282162
im000534.png,-0.7965124923438017,1.2727875460405642,-1.2055825074653317,-1.220751104300351,-0.7255349617427043,1.315628514711169,1.3599650051004546
im000533.png,-0.7630993111156587,1.2747813178294038,-1.1833562254256396,-1.2338026703632885,-0.6957930023929912,1.2836339872953682,1.3176359041728052
im000532.png,-0.6626796135789147,1.2459111668265728,-1.1489095536639629,-1.249529884940059,-0.6029173274986783,1.2029335121734674,1.2151917006815738
im000531.png,-0.5961382055645645,1.2205791928140934,-1.1362079205795277,-1.2572465201691148,-0.5404884000120868,1.1548240358824335,1.1546778176287662
im000530.png,-0.7564788620077479,1.2761237496394424,-1.1757501980121525,-1.2362427963110576,-0.6901360699491534,1.2754836768900362,1.3070004997506321
im000529.png,-0.5605896500762763,1.210631286734285,-1.159780406960973,-1.275160877019493,-0.5054470416683591,1.1477029343442526,1.142643754646563
im000528.png,-0.5527554345192393,1.219831477711788,-1.1425547231327506,-1.2827864961451383,-0.49958550420540365,1.133988323569175,1.123862356721568
im000527.png,-0.5690540707977998,1.2544039563982479,-1.1156293644324748,-1.2987634586335466,-0.5179419349772131,1.130973583105074,1.1160112893377114
im000526.png,-0.5717436190746358,1.257688166831222,-1.1123471686887567,-1.2994016412730913,-0.5207947708906874,1.1308993139204693,1.115699719175479
im000525.png,-0.49872376753288655,1.214405167624991,-1.1279440952532414,-1.3025538478427996,-0.4498155539022424,1.0940515585842505,1.0705805383219278
im000524.png,-0.49028103764992964,1.2232666701361374,-1.0990381022074966,-1.306239186709819,-0.44408175051404847,1.072960597941387,1.0434128090037689
im000523.png,-0.42542493605746806,1.1688404091294162,-1.0877711989596146,-1.2847750110820562,-0.3818682173389275,1.0233958157345702,0.9876031385740793
im000522.png,-0.36187333349286505,1.1414998029357901,-1.1336525851438277,-1.3086282529043478,-0.3185787349918448,1.0118310328852984,0.969402070711796
im000521.png,-0.4383036136103915,1.174799999021706,-1.1436879555332762,-1.3023776227150075,-0.390745827846875,1.0648355912776928,1.035479429406151
im000520.png,-0.5301277138236201,1.2170482335064559,-1.1786272702978682,-1.3048082646751082,-0.4761542323923078,1.1424692230591693,1.1302000246232775
im000519.png,-0.6127680744185617,1.2744968993597408,-1.2080133545028253,-1.3254816845169868,-0.5539937705326725,1.213287722085329,1.212472262525976
im000518.png,-0.5480993262161395,1.2609084182055927,-1.2116155996972342,-1.3492577993966508,-0.49283345043198595,1.1773196285552383,1.1635781289811784
im000517.png,-0.7350908774905027,1.3172789570080923,-1.2359570946414709,-1.309109813391427,-0.66831194139821,1.3040529570239494,1.3271378128895681
im000516.png,-0.5584921490072761,1.2547570566478878,-1.2194277046531412,-1.3400402509992644,-0.5017882565809256,1.1871880823441197,1.1778032222485986
im000515.png,-0.7711062726245513,1.3778740386035286,-1.2274441815149735,-1.3460303757349568,-0.7050839546275842,1.32614483592512,1.3456459099734162
im000514.png,-0.606235477076902,1.3080628690492317,-1.2207505284111253,-1.366560308593151,-0.5485882368491201,1.2209878938050955,1.2130837880759702
im000513.png,-0.6457656877533632,1.2922567982032516,-1.225164102302338,-1.3304521204265007,-0.5845189206844394,1.244226879108755,1.2494171538546344
im000512.png,-0.5365715606455221,1.2168283449493322,-1.2283533436962208,-1.3177985507810175,-0.479133693967837,1.1758662757161706,1.1691625284250935
im000511.png,-0.5065881884907091,1.2119517864022264,-1.188054537795617,-1.316055235717823,-0.4533916186896201,1.1342196225894166,1.117918171702126
im000510.png,-0.33644307584593924,1.142520059997414,-1.141372907178522,-1.3263903007372073,-0.29442254014851044,1.0021764003647846,0.9539323635479797
im000509.png,-0.4762747905730887,1.1965246501210338,-1.1378438512981026,-1.3007306695165115,-0.4274838264839515,1.085266018987688,1.060542468762932
im000508.png,-0.5528866351520939,1.2408224198883788,-1.1448064320108855,-1.3042003789856245,-0.5004873125803316,1.1377687729372348,1.1237895659033208
im000507.png,-0.4318730025155036,1.1653794204780974,-1.1318554659949576,-1.2926574693462947,-0.38505325787124883,1.0530529878793673,1.023006787370539
im000506.png,-0.43836961194003776,1.153598280439559,-1.14121456340834,-1.2805710505098913,-0.3900323244205887,1.061010328872787,1.0355789409665108
im000505.png,-0.3491799267836014,1.0889865571016124,-1.1657608737356373,-1.2746811254104515,-0.3024882725530629,1.0179742518847028,0.9851493894964368
im000504.png,-0.3402478213350061,1.0621984320317481,-1.1609745689689417,-1.2515833510200292,-0.2932746560940115,1.0070441544711157,0.9768378109151237
im000503.png,-0.3567396752861174,1.0840082153805086,-1.172577086760476,-1.2678616237263547,-0.30891106393396145,1.0257748019840018,0.9963064323423982
im000502.png,-0.47022887226540727,1.107029614289192,-1.1995174562309714,-1.2365535897855728,-0.4141842353832326,1.1087202236503395,1.1047343157256517
im000501.png,-0.6083140294078556,1.1577661226714058,-1.2104622036615122,-1.2135264497475804,-0.5445927221423403,1.1991208974348628,1.2200083848530194
im000500.png,-0.5073022017098354,-0.7959700089468502,1.80621647796281,1.678119065103536,-0.5485125293722682,-0.8838332115480919,-0.748717591489299
im000499.png,-0.551740956667559,-0.7102665897301935,1.8563882562164582,1.6351606630501947,-0.5967747932596046,-0.8790982316112851,-0.7536683479980096
im000498.png,-0.5494076071263128,-0.6309227713094737,1.855187740816883,1.555112971993988,-0.5979879276556395,-0.8707871976701457,-0.7611952090492987
im000497.png,-0.5770116569917059,-0.5438269186382267,1.8824106659563804,1.4936643566353067,-0.6292053307746797,-0.8616819527839423,-0.7643491634031314
im000496.png,-0.6946902989399337,-0.5171696142757525,1.7818675154381742,1.4988576415540396,-0.734070360492366,-0.7318853443207656,-0.6029095389633949
im000495.png,-0.6450150959302874,-0.5591776756071052,1.762082876453025,1.5060196318762715,-0.6846770399289492,-0.7528706976026619,-0.6263619992602915
im000494.png,-0.774606015983846,-0.4199515688155918,1.75232973870092,1.437348873170814,-0.8110941249045899,-0.6580506878637795,-0.5259762143039257
im000493.png,-0.6572410264209295,-0.5232921401391631,1.6763724187252904,1.448443758517642,-0.6924398713137213,-0.6905989046903699,-0.5612442346787476
im000492.png,-0.6157662038306785,-0.43768812106636484,1.7914685557840457,1.379712194370855,-0.664472921008527,-0.7733723670830733,-0.6798811371662562
im000491.png,-0.5959160469249893,-0.4081361439631196,1.7977238818557024,1.3416017685125956,-0.6476194778096671,-0.7850323380583145,-0.7026216436122064
im000490.png,-0.630333398859292,-0.39488034139277556,1.7296808984687913,1.3246824258759038,-0.6761777124357873,-0.7233224467058827,-0.6296494249509562
im000489.png,-0.5578036650111102,-0.48417562945384063,1.7040565198023487,1.3638492433752623,-0.6030374373743098,-0.759057179661115,-0.6638318516772346
im000488.png,-0.5195178833063695,-0.5102156131245323,1.7525537858094717,1.3846390846313834,-0.5691224267724027,-0.8126888613807158,-0.7256480858568337
im000487.png,-0.5896465249108622,-0.4440428226782856,1.8099474214747062,1.3776960018912796,-0.640944817959907,-0.7999331227755706,-0.7130761350413597
im000486.png,-0.6117926233626404,-0.42524416166934387,1.8220671041721586,1.3755474082162704,-0.6631689949509135,-0.7925451039483961,-0.7048636284571337
im000485.png,-0.5884087727961147,-0.4599603104953284,1.8138478091023171,1.3940414981033964,-0.6393321313666174,-0.804757104616089,-0.7154309879315628
im000484.png,-0.6653077400963645,-0.38283697490020924,1.88598014252452,1.385029542016609,-0.7188469124984144,-0.7957649076677972,-0.7082531493783426
im000483.png,-0.510204224986122,-0.5733826537509448,1.8422258890506042,1.4721107527832322,-0.5631273105645717,-0.8787491758560524,-0.7888732766761448
im000482.png,-0.6101928111794191,-0.5862857585992592,1.9361312096703496,1.572189019817188,-0.6615832996770644,-0.8798395512988488,-0.7704188087329445
im000481.png,-0.5748696525297896,-0.5514660922927368,1.9773674394406862,1.5320821363362345,-0.632648077108642,-0.9206104187802464,-0.8298553350655046
im000480.png,-0.5139029925922611,-0.5670520071273482,1.9925429641482473,1.518679033535949,-0.5759973372821863,-0.9659514560281379,-0.8883182046542615
im000479.png,-0.5235622268591236,-0.6341067722782358,1.8527133187026608,1.5430427881354951,-0.5735798637234116,-0.8842901648858079,-0.7802170790915757
im000478.png,-0.6347836704382387,-0.5667963657555898,1.9786936895395186,1.5809988868175677,-0.6879705287981822,-0.8892188570831336,-0.7809231542819403
im000477.png,-0.6621556803985491,-0.5268503871191061,1.962372127874044,1.5512722309219913,-0.7142648568029184,-0.8594677816907215,-0.750905652784739
im000476.png,-0.7159468901471786,-0.5388532621198033,1.9222184007737517,1.579489609833122,-0.7614960899882464,-0.8063302617043342,-0.6790815066473102
im000475.png,-0.7685568470473532,-0.5340768643283271,1.9789263619719457,1.6231917394646007,-0.8142484242647141,-0.8099751673959,-0.6752607984002508
im000474.png,-0.7611265278908513,-0.5144223897732313,1.952737433593162,1.5908073142756147,-0.806579755606332,-0.7962911109243314,-0.6651249636740294
im000473.png,-0.6977390386710197,-0.5425702010032929,1.8592380073070427,1.5517619956267896,-0.7405121357597558,-0.7793410137534613,-0.650837613746301
im000472.png,-0.6517460360100387,-0.557842424708036,1.8903593128496416,1.5517642184961933,-0.6988181128726397,-0.825720616320056,-0.7079963414350634
im000471.png,-0.5742396183361516,-0.5593065810806824,1.9066691343916877,1.5155988179940163,-0.6274181239801286,-0.8795150561274523,-0.781788572861288
im000470.png,-0.7202081581617877,-0.4907694440886147,1.951945003851492,1.5444207976429984,-0.7693795789579836,-0.8163170233111511,-0.6996915969749523
im000469.png,-0.6998240788801304,-0.5262655655438371,1.9590087459098409,1.570514903049274,-0.749237504443905,-0.8360701070511278,-0.7181263930401134
im000468.png,-0.6151090089363503,-0.5961391092012255,1.9636864822593627,1.5939585404196348,-0.6674167697583929,-0.8946636233745888,-0.7843165114084389
im000467.png,-0.6758660277932323,-0.5126266940899218,1.9798034680482675,1.5507416591266143,-0.728740232209583,-0.8605483095308819,-0.7527638635512617
im000466.png,-0.614405061075456,-0.5614310683681066,1.9772007185436777,1.5638598569470965,-0.6690968796083318,-0.8992552847442614,-0.7968722816946172
im000465.png,-0.570244816462034,-0.5673705089552287,2.029409574677062,1.5627876681882844,-0.6308030771962164,-0.9561760795321503,-0.8676027607197162
im000464.png,-0.5912046027570259,-0.6298436502938612,1.9781503659206583,1.618824183222133,-0.6445178427630665,-0.9206388007385634,-0.8107696525902727
im000463.png,-0.768545124279933,-0.49199829481261326,1.952606722392887,1.5727487576070944,-0.8144736266486551,-0.7894954535091168,-0.6608429807496617
im000462.png,-0.5534517822825983,-0.7166198952541865,1.9921003713073675,1.688215114351139,-0.6063477552877077,-0.9601052208652856,-0.8437908319687272
im000461.png,-0.45721695145058616,-0.7909018717245389,1.9780043714707845,1.7032630838954557,-0.5124426966756515,-1.014472117524792,-0.9062338179906709
im000460.png,-0.5598724380729684,-0.8031880763103997,1.8941781230957122,1.7441966840075205,-0.6026049983444416,-0.9075619853601166,-0.7651473090153051
im000459.png,-0.6018978410017334,-0.751339800637764,1.9853738345386818,1.7471778886353835,-0.6496322787279957,-0.932560045423345,-0.7971217573832258
im000458.png,-0.5786594960691148,-0.7599792538381399,1.9537839685524998,1.7321126238845184,-0.6256481678022774,-0.927766687999368,-0.7938429867281166
im000457.png,-0.5765121303291846,-0.7010572823130545,1.9483195154010065,1.670893041850484,-0.6258840584189643,-0.9190912378778169,-0.7966678483124688
im000456.png,-0.4832316338349859,-0.6786114382324985,1.9758008933760303,1.6061159301140924,-0.5414870782456761,-0.985816332940952,-0.892770340236009
im000455.png,-0.5089153884112294,-0.6592768895277669,1.8934113267542498,1.5734909144452243,-0.5612880509403313,-0.9197758761174326,-0.817646036202713
im000454.png,-0.5500723831395038,-0.6382198299803047,1.8774567911041655,1.5702080935912155,-0.5996441154814596,-0.8845648924901065,-0.7751636636040051
im000453.png,-0.5849779507227423,-0.5756750787146278,1.8480554719559799,1.5179415214001448,-0.6331596809182994,-0.8401798618129399,-0.7320044211875143
im000452.png,-0.5108252586478423,-0.5934883526435286,1.8637322064117188,1.4995712338010478,-0.5641371541771024,-0.8935337182174112,-0.801318956526881
im000451.png,-0.4510150497606065,-0.6271538161273618,1.8378686925635248,1.4908045511674572,-0.5052804471018658,-0.915677848831357,-0.8295460819097896
im000450.png,-0.45608508717744073,-0.6547731581498788,1.8489634213522355,1.5246431606369655,-0.5094808360542897,-0.9225542931737987,-0.830713207433792
im000449.png,-0.41496846722893,-0.7348932389400721,1.7841622050651145,1.5589964594609689,-0.4636727385756967,-0.9160221664622682,-0.8136020533191155
im000448.png,-0.4382790382190583,-0.6656432112450567,1.7861710797237784,1.5042655773488989,-0.4885710205706409,-0.8962537630527067,-0.8016896239852138
im000447.png,-0.583929151584043,-0.5628197057411118,1.7930447706062653,1.4860877532586785,-0.6293964728634789,-0.8063901249075628,-0.6965970687687463
im000446.png,-0.4791126038149378,-0.6006442920981776,1.6929536337594697,1.4313232203116666,-0.5238444613940059,-0.8100264152967891,-0.7106490814672244
im000445.png,-0.5629248406835357,-0.45100742246761805,1.8082559502947337,1.3691356738745672,-0.6156015813128692,-0.8148255164252683,-0.7330322632800087
im000444.png,-0.4434415664596306,-0.5815128989056897,1.7087929001653455,1.397936973613981,-0.49235516121303685,-0.8375492675322326,-0.7518709796687357
im000443.png,-0.6499004726416678,-0.42655450181973004,1.7236362123154232,1.3648019435954857,-0.6926871570207,-0.7121871963766538,-0.6071088280521558
im000442.png,-0.5162329126164293,-0.5579638394473678,1.6854691219038418,1.4073040125890637,-0.5598926013688958,-0.779742659963011,-0.6789411210972005
im000441.png,-0.5727425041761527,-0.6275629598099169,1.7014985502801643,1.5128771145635735,-0.6105633070090691,-0.7651777961155828,-0.6383290977330149
im000440.png,-0.5615750378405598,-0.733174480563123,1.7395525278156139,1.6237959643082946,-0.5978460818644085,-0.8061472205308226,-0.6646056713249933
im000439.png,-0.5651919430841087,-0.7923242598939493,1.7866879216208793,1.700130129738403,-0.6015059588997939,-0.8389682670001879,-0.6888276224812415
im000438.png,-0.3620041180498465,-0.9756504189361439,1.8666161696203718,1.7950992683273723,-0.40875200197679074,-1.0224128714752683,-0.8928960275096929
im000437.png,-0.4690377196085668,-0.9715418335367566,1.908207444198893,1.8646332668587877,-0.5113432704665617,-0.98628071453188,-0.8346371729139143
im000436.png,-0.3958269439877052,-1.079182391325164,1.8541970706267528,1.9119495118228351,-0.4350402403425068,-1.0074646753526872,-0.8486323314415233
im000435.png,-0.5410227949843489,-0.973330180252705,1.8069383548422069,1.8722481352974096,-0.5722817511394354,-0.8851045663329966,-0.7074471974301286
im000434.png,-0.5468956867748974,-0.981012679559101,1.8409261302144353,1.8945786182321327,-0.5794939742879269,-0.9029950007641635,-0.7251074070604775
im000433.png,-0.5370821477558222,-1.0153598672753728,1.895094871655955,1.9413260969586175,-0.5721311956444451,-0.9448422084970761,-0.7670055494418548
im000432.png,-0.35136768087170805,-1.146387524461658,1.975230189485745,1.9944464519262637,-0.39797873881264173,-1.1126472126351672,-0.9612954846308323
im000431.png,-0.5533228853962447,-1.073274269020433,1.9752295295316822,2.0346071339295335,-0.5896323612954013,-0.9901394122095569,-0.8034677355395775
im000430.png,-0.6017786030574718,-1.0787407070747723,1.9322102246806958,2.0524344585850565,-0.631995636489011,-0.9375713731893355,-0.7345583634551599
im000429.png,-0.5623586522867742,-1.1122263048048966,1.9421238316196652,2.066915599556643,-0.5943506166558881,-0.9695782168264715,-0.770525640602276
im000428.png,-0.534650514879371,-1.064636445152997,2.0120423312203886,2.0281217323136924,-0.5748235010268286,-1.0217792930121727,-0.8442743094627098
im000427.png,-0.5795579348670952,-1.054097109079226,2.0133242559102973,2.043131264896262,-0.6172685767865732,-0.9959480816820082,-0.8095838183916556
im000426.png,-0.6040124062783238,-1.0469294207173212,2.0330840785208544,2.0563313591758154,-0.6416038312264497,-0.9931349285098129,-0.8037348509647606
im000425.png,-0.5300488203559975,-1.1104367792624386,2.060051198108674,2.0869973840406124,-0.571449751803715,-1.0582750431358998,-0.8768381875912337
im000424.png,-0.46831985446684704,-1.0989646402258535,2.062293590312399,2.0420855719733724,-0.5144822330499661,-1.0932639703015758,-0.9293484642415276
im000423.png,-0.3865578490396193,-1.2116448895294893,2.0705424949723055,2.1106454363884284,-0.4337658098528317,-1.157133065444123,-0.9920863174946691
im000422.png,-0.39631842960986297,-1.15404493908933,2.1210644423306424,2.0762622975984506,-0.44846133390798065,-1.1753904061681648,-1.0231116311537531
im000421.png,-0.5865214410312102,-1.0527057284881356,2.095638301628498,2.073428504921549,-0.6288337724713322,-1.0411387693068785,-0.8598670952524889
im000420.png,-0.4680612772016434,-1.0712858962438094,2.0221805518325513,2.0010656898016395,-0.5130095862646801,-1.0662823046251602,-0.9046071772988956
im000419.png,-0.517402405459296,-1.068427567496252,2.0535366611489168,2.036281973111622,-0.5610859044206342,-1.0568124765054177,-0.8860902803789373
im000418.png,-0.5237250082797069,-1.0393125919877575,1.9922773958584796,1.990364246505044,-0.5645313497335394,-1.0132830107814228,-0.8417896815810956
im000417.png,-0.5475570995480962,-1.0465316386115435,2.0024958674944333,2.0142014987738435,-0.5870774930549695,-1.0067249967717364,-0.8288061382819292
im000416.png,-0.5616393485386495,-0.9854589233716078,1.9672316291497005,1.9498239709339868,-0.6007401688847684,-0.9707794807464775,-0.7984376785421825
im000415.png,-0.38188735728950357,-1.0941012154516874,2.057147441847167,1.9874609054336547,-0.43372384179293044,-1.13855187581334,-0.9963440569333584
im000414.png,-0.43038432356624,-1.0047568024899962,2.1289254906339887,1.9504614191802543,-0.4872461747168038,-1.1440485745219633,-1.012951034519238
im000413.png,-0.40715116705108917,-1.0141021992843464,2.1064158559043458,1.939162446449304,-0.4637883333409512,-1.1447686301755884,-1.015767972501673
im000412.png,-0.5015239459636457,-0.90242842871564,2.086318927989336,1.8746110590781204,-0.5555084583511334,-1.066781304343636,-0.9346878496934002
im000411.png,-0.4863947905678735,-0.8659395766676632,2.11210133206225,1.838871785208546,-0.5445510139148378,-1.0866826500395517,-0.9674050860808692
im000410.png,-0.4818016808079651,-0.9546414625971655,2.1659495048215556,1.942085163844654,-0.539667628853126,-1.131489145236687,-1.000434751171264
im000409.png,-0.47089903850809123,-0.9623094904012894,2.103545154217512,1.922517467602099,-0.5253633604025554,-1.1011543359375755,-0.9663363965700984
im000408.png,-0.36703416688128115,-1.01397832300238,2.0827437052381494,1.9087279973253337,-0.42491736278208597,-1.1532841532950575,-1.032257696602677
im000407.png,-0.3482565274333315,-1.0161486306475032,2.0848142409611925,1.9011236757365282,-0.4074254927942586,-1.1653947581655486,-1.0487125076570771
im000406.png,-0.4651942940558078,-0.9765101341742466,1.9950519954683525,1.8967278144870359,-0.5128214921989783,-1.0410146355715972,-0.8962392539547572
im000405.png,-0.5458484567367161,-1.046887108062881,1.9831040677301734,2.0070533970459574,-0.5842881152246168,-0.9961205167937116,-0.8170132679582036
im000404.png,-0.5126416733540521,-1.0140637307883544,1.9991804937157214,1.9615986868493953,-0.5557105462966341,-1.020852728139755,-0.8575105019863195
im000403.png,-0.5270187880137872,-1.0389657489115485,1.9680103749486808,1.983659318696202,-0.5661443247745896,-0.9968493885946861,-0.8226914433502701
im000402.png,-0.2680367144351999,-1.2312213415711357,1.9590902963361891,2.0264018677093336,-0.3155304772220468,-1.1596727471710628,-1.0110308836460757
im000401.png,-0.30957148850466376,-1.1512146693562988,2.0514079881067695,2.001685377298321,-0.36339734592829737,-1.182457246515043,-1.0464526151007858
im000400.png,0.1328669628568348,0.28880928525374555,-0.91086037104355,-0.6666817555165419,0.16677935815038714,0.5026512548267366,0.48643526547238713
im000399.png,0.17865042064845468,0.28334602459908254,-0.920028872850127,-0.6898540378627777,0.21030000346806887,0.4816167719586663,0.45596969003863186
im000398.png,0.3353996964367681,0.23488012246864495,-0.9116137486475162,-0.7263607627831475,0.3581803385027631,0.3824230670420022,0.3270912869804848
im000397.png,0.17627901448024394,0.28054603067185174,-0.9189261867078647,-0.6853976722073082,0.20814220196137082,0.48198405621595786,0.4573725555857482
im000396.png,0.29922984578883005,0.2683132370642613,-0.8769173004020971,-0.727533569741364,0.3208574536414355,0.38587309541139336,0.33017723823754036
im000395.png,0.21271792419666558,0.32460943984576174,-0.8476856313954375,-0.7251202248814494,0.23589029915136223,0.4236541385984703,0.3759340544846265
im000394.png,0.043477080553346856,0.37853550292210203,-0.8402666943958664,-0.6817083837330575,0.07515163714293777,0.5210495647473694,0.5037612927631673
im000393.png,0.25108557679869403,0.3216458819126979,-0.8308016001046339,-0.7378372769069269,0.27079701788234645,0.39149764455947195,0.33361275585835004
im000392.png,0.2035937289905973,0.35634920459693975,-0.8247451358909219,-0.7436371651425745,0.22459497544531154,0.4186469455986391,0.3651974464020081
im000391.png,0.2571883425980392,0.32601298379952864,-0.8237124005039291,-0.743150495264712,0.2758702513116863,0.38428954004608246,0.32350177801330404
im000390.png,0.15031420505422877,0.3676531869106989,-0.8667746100593058,-0.7393511003484946,0.17693790526013584,0.4752361095080493,0.43598430367468693
im000389.png,-0.2326986579182835,0.5201333643216052,-0.8876800929876304,-0.6838897193439102,-0.18586964933601924,0.7216443977580574,0.7483603575061802
im000388.png,0.015061582113203447,0.4687353781088646,-0.8477346308082505,-0.757485442800598,0.04515134019773288,0.5517348714774155,0.5245369017116314
im000387.png,0.024188474589900616,0.4156588629726945,-0.8509979513674878,-0.7112571715865218,0.05618386263850623,0.5425614949603791,0.5236624277925287
im000386.png,0.10286921325721642,0.4131028289938648,-0.8676256607074025,-0.7581206228406396,0.13073058201838242,0.5077021055748572,0.4713415537037208
im000385.png,0.029120757135396788,0.45582788301501703,-0.866254432605811,-0.7588161173254336,0.05996097948304141,0.5534175806643068,0.5267433496334821
im000384.png,-0.043006221564324626,0.4764678905897098,-0.8514309117027989,-0.7340640992578537,-0.009149546868018143,0.5876796248934281,0.573503263909857
im000383.png,0.03719253800140269,0.44027467224016875,-0.8761224013364505,-0.7512817757454777,0.0687725618260941,0.5530110675353319,0.5281533374789303
im000382.png,-0.00174232408467008,0.4234240116308037,-0.8875009648557243,-0.7168254144057902,0.03386664825227256,0.5799662704192499,0.5688117730438581
im000381.png,0.10159359988156441,0.36044371923215807,-0.9023499535361699,-0.7171415477411351,0.1339507997554801,0.5233009770572508,0.5002024053508511
im000380.png,-0.07180301109809778,0.3994446513490081,-0.9113527319067626,-0.6622261962961151,-0.029015703194411966,0.6312047480139771,0.643748243132402
im000379.png,-0.028662677104629893,0.35974928525911903,-0.9324030970447424,-0.6541396740010821,0.014255383276147162,0.6149354156862058,0.626265363928982
im000378.png,0.01242138566495858,0.3501268259958352,-0.9138894118336355,-0.6612426026252876,0.051888590236215566,0.5795177963545658,0.5811774162073473
im000377.png,0.06691099835415593,0.303747200405118,-0.954686028881439,-0.6595381649894564,0.10724340236062582,0.5678982436199197,0.5684243491310755
im000376.png,0.06471000358458048,0.26300545669033476,-0.9488528056494689,-0.6161153935514418,0.10661319659158974,0.5610745257854692,0.5695650165489362
im000375.png,0.10339151814734442,0.24470131503843265,-0.943517928230426,-0.6177598460523236,0.14318487077370193,0.533932579068212,0.536067491255058
im000374.png,0.0513298851087586,0.26262235053226246,-0.9493919848930282,-0.6084754791249989,0.09417655478055924,0.5689266867865085,0.5808119868099378
im000373.png,-0.02048580737828171,0.2516961077929305,-0.9843211933429473,-0.5695293739772057,0.029760357280041685,0.629257592683133,0.6636223169423294
im000372.png,-0.07457030464816619,0.28781467952700496,-0.9615037100387969,-0.5673988897148274,-0.023675019261906592,0.6502607705906318,0.6890724735460599
im000371.png,-0.17091216334317053,0.35745448984764316,-0.9713735183205104,-0.5858967895835707,-0.11601975008790828,0.7185170010739946,0.7682307304135219
im000370.png,-0.19894271257490084,0.3664520063512192,-0.954380781235776,-0.5734484363084444,-0.14360374327999614,0.7252164180073607,0.7787072490405372
im000369.png,-0.04126124577423145,0.31823172255608695,-0.9548800182270949,-0.6137266299746736,0.005677935081552863,0.6308604701439186,0.6550977661944413
im000368.png,0.062082022982591474,0.27856792219791116,-0.9364318603489561,-0.6258252737378657,0.10272602815238319,0.5568725449428573,0.5620086158110784
im000367.png,0.10666336911634518,0.2506480822284897,-0.9364072942418283,-0.6230506767143759,0.1455460694254254,0.5284912129982228,0.5281092371877208
im000366.png,0.10250651461586353,0.2556726182339842,-0.9297628376294494,-0.6234555361976752,0.14104350430669363,0.5274295921822654,0.5265661444883176
im000365.png,0.18421949517330757,0.17856664456201715,-0.917212376067261,-0.5885418610883829,0.21989963886899314,0.46500863530724973,0.45805982324407607
im000364.png,0.011813155454812518,0.2322600046271031,-0.9365765271425106,-0.5521837362003821,0.0578460364356643,0.5802065499042985,0.6066345169210139
im000363.png,0.1514118161266877,0.17839178397336664,-0.9221803361567107,-0.5717950839101732,0.18959370338953355,0.48653088563121405,0.4880472309460817
im000362.png,0.34115115889825604,0.05671595214470719,-0.9414318680782786,-0.5637103996305023,0.3731384286972161,0.3770092811725994,0.357127446796002
im000361.png,-0.06756860274564923,0.22074481399093268,-0.9703230003361697,-0.5080474961569524,-0.013676940603690126,0.6440450425817551,0.6948261832697734
im000360.png,-0.2827169159541604,0.31064940257180124,-0.9691805527666043,-0.4767408982387515,-0.21844472030755413,0.7752210624316437,0.8612126222636252
im000359.png,-0.03203552184481109,0.20834960858536936,-0.9851756109881756,-0.5205921124083628,0.02092648097962163,0.6314365153166328,0.6770906403597257
im000358.png,0.0037249342070879658,0.1976295891030278,-0.9920907610106002,-0.5322368567890622,0.05518621620624416,0.6141346981483461,0.6536521801349562
im000357.png,0.06041486606289991,0.18605967281359861,-0.9564621435739401,-0.5403191806243552,0.10642673414124974,0.5594182726063799,0.584461778574167
im000356.png,0.06953719886743034,0.1914109581299844,-0.967617322839147,-0.5544450980595687,0.11538441915080162,0.5615361758700499,0.584193668880449
im000355.png,0.0742268786162791,0.208283055768262,-0.9170146258157014,-0.5566253008189974,0.11594667960773512,0.5304775232729376,0.5447057893694845
im000354.png,0.0323526241935145,0.16975109294266127,-0.9097042739524009,-0.4928143665573442,0.07810758893543945,0.5454702485602237,0.5768370858779058
im000353.png,0.3101978276292974,0.048008154520470706,-0.9159014914853186,-0.5292706527409684,0.3430805784122058,0.3782618139252814,0.36562376973903155
im000352.png,0.1744334031237966,0.10696079483110256,-0.9137687754332817,-0.5112310111485878,0.2136837614647186,0.460441505148039,0.4694803220142124
im000351.png,0.23856945999369358,0.11792215765363921,-0.8948780590406293,-0.5513555412064444,0.27190732100661824,0.4140642683625741,0.4037703932305482
im000350.png,0.04235084498878386,0.20411997764010983,-0.9223863593670083,-0.5365952046079366,0.08670879856471606,0.5512662907762038,0.5745356520051312
im000349.png,0.06350344519295127,0.15635431670820787,-0.9464274145002579,-0.5093176499112224,0.10999539137248779,0.5483249220386166,0.5775669890992167
im000348.png,0.20309105558162868,0.12009461278524314,-0.9162775398902198,-0.5409895668835367,0.2400059682826448,0.4472005115945458,0.44687495852969367
im000347.png,0.16263763727109543,0.12835274770425614,-0.8905745311400313,-0.5179585547399352,0.20033164280227375,0.4556319474765779,0.46157911062576307
im000346.png,0.04387677028760167,0.15969682196939838,-0.9096270960112305,-0.4892718921562543,0.08929598230040703,0.5377726581895923,0.568256755420485
im000345.png,-0.08331440715903632,0.1822716763570644,-0.8998035821000792,-0.4374851564100412,-0.030980128695449718,0.6064089844029198,0.6629026136046221
im000344.png,0.03946634823034996,0.12168469414752067,-0.8776758325304506,-0.43849523106542937,0.08489635558692973,0.5168670328067494,0.55325663282433
im000343.png,0.42910840089726665,-0.024906742086162337,-0.8627811407020887,-0.5054889743130809,0.4539986909189017,0.2709676394439875,0.2391021258411756
im000342.png,0.3060731208513058,0.047690640832339454,-0.811552830745942,-0.49142435049621813,0.33289900471869716,0.3180787133729987,0.2982357014668187
im000341.png,0.3541164750428802,0.02596098989789344,-0.8139149303902603,-0.49749392688472016,0.3788246805110392,0.28986252374804894,0.26264418807511825
im000340.png,0.3874886563323512,-0.0033291368476382746,-0.8084466721020388,-0.485292040423904,0.4109132117592203,0.2644114156355427,0.23425456564646652
im000339.png,0.42187821454551105,0.0005906152770811139,-0.792653552663589,-0.5029609580711767,0.4418734929718255,0.2359327052328882,0.19533948270745935
im000338.png,0.33729837037495597,0.03877419431078254,-0.7856863806604455,-0.49125668066106654,0.36085408930382423,0.2839172189824963,0.25609918834945283
im000337.png,0.38636614804320035,0.05389945437730656,-0.7935165694909126,-0.5361333034300463,0.4064594746802671,0.2625353719180852,0.2203894239020995
im000336.png,0.3367328478706309,0.07782128671680937,-0.7642838506258592,-0.5222696650123504,0.3573201601442924,0.27580806601483726,0.23887115489163935
im000335.png,0.2749052028282411,0.09672323983524717,-0.7904132545668898,-0.5153609125933096,0.3003874011881621,0.3285678126190318,0.3051905106895169
im000334.png,0.2978131802974112,0.06469159328500199,-0.8130359349631271,-0.504116725443831,0.3245389889324897,0.32555112153151455,0.30455777636054016
im000333.png,0.258993382407952,0.12633849745684628,-0.8062782174694783,-0.5411084174542486,0.2852107752532008,0.35039925030111446,0.326444729504613
im000332.png,0.43018820606987695,0.08926445886464658,-0.8189949420227106,-0.6040360584401946,0.4473594269068506,0.2569631870550005,0.19925572156653007
im000331.png,0.41640174726044876,0.14798313462441562,-0.768442975145479,-0.6372739879727765,0.42885634262124006,0.24109194436320605,0.17138379424894426
im000330.png,0.3020922076836851,0.18437123429596558,-0.7701321056447851,-0.6101806339594362,0.3206984026608159,0.3108832104884691,0.26226768447528515
im000329.png,0.28278442241975466,0.19915424311946633,-0.7968625480828393,-0.6230627211264416,0.3036609983728442,0.33947646721557,0.29484913808164503
im000328.png,0.4657958224122916,0.19924083072972065,-0.78742216318968,-0.7217743180796289,0.47386699684709294,0.23025999024100033,0.14003284103920244
im000327.png,0.47398986314267577,0.27867783584313055,-0.8714884836964388,-0.8331579143294967,0.48315867631279763,0.284882983054124,0.18393703967320701
im000326.png,0.4621979233523099,0.27658401582348935,-0.8791436014077478,-0.8271154074377782,0.4727115600721158,0.295905038167388,0.19886047143022217
im000325.png,0.23445982139730442,0.3837110030282507,-0.9517697901098335,-0.8307215529577582,0.25992982251024194,0.48031182420351515,0.4240788719282788
im000324.png,0.16180715148809377,0.4959195798023766,-0.9247917825753014,-0.8919874708403074,0.18559226459739664,0.5178794673300511,0.45558079019769004
im000323.png,-0.043958920781256315,0.610719082922614,-0.9224434377364686,-0.890074502458228,-0.011580206087483969,0.6458200914611,0.6115178926797222
im000322.png,-0.21226848488929012,0.6788910418051122,-0.9289070675928416,-0.8659352553670945,-0.17122737232039287,0.7526013044721186,0.7468458338923877
im000321.png,-0.06603307860224335,0.6355661800460264,-0.9184841382821677,-0.9009910786438934,-0.03350498093170196,0.658733084664981,0.6247140117489983
im000320.png,0.03989976349396383,0.6852703167440269,-0.947961779920638,-1.0189567165095172,0.06497325227480323,0.6220153118265069,0.5547598520908534
im000319.png,-0.013135931486492985,0.7491579087996301,-0.9395913832269454,-1.049707592051246,0.012183049706210859,0.6541948469178824,0.5868991013409602
im000318.png,0.005891933120937379,0.75004024652617,-0.9744536033143437,-1.0729373429519315,0.03202135738904505,0.6644000877437092,0.5950373214864129
im000317.png,0.0675880785856495,0.7675923839057364,-0.9424954193609193,-1.1137993951883398,0.08688557360990569,0.6123195162562117,0.5219092621917548
im000316.png,0.14152955106110668,0.8196661847623509,-0.9094247789053121,-1.1951849049952605,0.15160234051731997,0.5565205410731516,0.43529106648664245
im000315.png,0.006785367874818266,0.8821348046884411,-0.9527839315849613,-1.1965469463905856,0.02577085550155311,0.6657573572803827,0.5688824926303508
im000314.png,-0.05036234706439787,0.8554541010709485,-0.9869790063327267,-1.1499571380602378,-0.024314289077678932,0.7155777762178474,0.6405809032462445
im000313.png,-0.340482543478605,0.9552144703536547,-1.0295663906063475,-1.101440690290173,-0.2968155432955507,0.9164749982789687,0.896615699038052
im000312.png,-0.41007104616762846,1.0283076073760875,-1.0147426652035185,-1.1298931051031054,-0.36584694766148285,0.9551923782368252,0.9370537785228218
im000311.png,-0.4208558496089819,1.0172173529006774,-1.0738801589693636,-1.1329131876617238,-0.3718304236980812,0.9954604389450109,0.9868018280924613
im000310.png,-0.392895053636985,0.9895055826928028,-1.1128425582830788,-1.1342633224894567,-0.34215843115716665,0.9998532867533505,0.9928004961205331
im000309.png,-0.3790583950861478,1.0050389088073044,-1.0812319543914775,-1.1466238770201276,-0.3318468170327215,0.9748396704469099,0.958882464276259
im000308.png,-0.20181776652601427,0.8982233858980541,-1.0912735201506556,-1.143148746916965,-0.16117456645237688,0.8685461225173734,0.8306450916305832
im000307.png,-0.22688365041463232,0.8258042826133067,-1.118953061195567,-1.0670444919713309,-0.17972099449785517,0.8911709660721536,0.8756269493939244
im000306.png,-0.19434234267368297,0.7591553162866692,-1.1266966064651105,-1.0219537779112788,-0.14597347683486017,0.8699044959329875,0.8599063916652752
im000305.png,0.016524289479068248,0.6229982602603554,-1.1284786367874076,-1.0054246080956764,0.05685665202865233,0.7363390594286707,0.7011849836863364
im000304.png,-0.09067307112565612,0.6278857066163505,-1.1304173758901308,-0.951268457499568,-0.04327401184460841,0.7987162356210612,0.7890309741225513
im000303.png,-0.31967171893893487,0.6328649858015647,-1.176362023690751,-0.844302318521644,-0.2543957418015911,0.9563857746233864,1.0054810425279694
im000302.png,-0.2855456890927063,0.5917311676541024,-1.1171574094574734,-0.8026788011311983,-0.22435486999928125,0.89700143261044,0.9410041694161165
im000301.png,-0.27034591752251774,0.5808500065897344,-1.0906606124032794,-0.7914429074290983,-0.21130712985070332,0.8713112640346222,0.9115952965812417
im000300.png,1.3471493835062036,-1.1453104914312133,0.5073628827803494,0.5527604163385974,1.2762821320208113,-1.1948573432557994,-1.3433869799589493
im000299.png,1.3990051953754459,-1.1457846216654826,0.549462183610808,0.5385965719053062,1.3221336092256364,-1.2494660598925333,-1.4139468785591807
im000298.png,1.3757022906221124,-1.1028764274441811,0.5626879715722618,0.5136592863011444,1.2977101889774925,-1.2393774356233351,-1.4075058744054953
im000297.png,1.3398610674539662,-1.1133241933221614,0.5678731672963772,0.5456658609774103,1.2644043342964197,-1.2233718359299257,-1.3811084007720866
im000296.png,1.3358081013944436,-1.0818485467002124,0.5899379858104722,0.5242927400092394,1.2579062043317277,-1.230754372798028,-1.3953421120476426
im000295.png,1.2890421901498996,-1.0310606499938249,0.6260641618369424,0.5123614827714957,1.2098506666873075,-1.2202142284800777,-1.3860436229717428
im000294.png,1.3503881537118914,-1.079862366143859,0.6172971854580267,0.5234594016633166,1.2697614816619682,-1.2551648115084095,-1.4258790448429342
im000293.png,1.3344925914229084,-1.0698099841029778,0.6018996194850051,0.5171770959188807,1.255425580591232,-1.235819948991576,-1.4033649543234725
im000292.png,1.2928671584868936,-1.057433361358466,0.6085095656311185,0.530345883901083,1.2156389692182374,-1.214830069262212,-1.375098146616654
im000291.png,1.2725566283317449,-1.0532484544300398,0.6122114702293717,0.5387631043501668,1.196277611471537,-1.2050820543265734,-1.3614783056262068
im000290.png,1.2963110786079468,-1.0818822604637441,0.5882016331933283,0.5457129076675347,1.2211551553603914,-1.2073655173494418,-1.3621329970160152
im000289.png,1.3558586285181016,-1.1217926061752226,0.5826077590246509,0.5501035254762778,1.2788065952196508,-1.2421995207189758,-1.4033843813444824
im000288.png,1.2113273090903225,-1.0106690654308443,0.6264749714444203,0.5356003795652985,1.1364129817030433,-1.1741876446513744,-1.3249589317208654
im000287.png,1.3239348185580442,-1.0786180770397578,0.5508711731285723,0.5145156926392201,1.249061164686543,-1.2002795438683507,-1.3594852281042713
im000286.png,1.3029666782338052,-1.096012840219968,0.5571992810161838,0.5454934080595429,1.2298684306918823,-1.1941559299990092,-1.3453590277824368
im000285.png,1.3589074871339417,-1.1143769918909805,0.5708833646160824,0.537125899871893,1.2820410952803254,-1.2360716735209158,-1.3985091814903459
im000284.png,1.3165564365076157,-1.094067086266687,0.5868030844925897,0.546008907044612,1.2406648298489913,-1.2193544839849098,-1.3766116876422116
im000283.png,1.392644832818596,-1.1686799076647254,0.5956746509133396,0.5803475981134503,1.314387083941105,-1.276109361235008,-1.4382648968867573
im000282.png,1.3758959161034225,-1.1864484544132932,0.59061944548056,0.6055030250490362,1.299840306866495,-1.265599475433498,-1.4198107636527222
im000281.png,1.423042001668888,-1.2247986253327472,0.5493369292808402,0.6032004819768423,1.3480212735904666,-1.2718701328679984,-1.4269319283162913
im000280.png,1.4188599813477858,-1.227811007388198,0.5924198914679246,0.6230504157280276,1.341629931503835,-1.2956389085087798,-1.452510304150595
im000279.png,1.4121193147444082,-1.2256700483680343,0.6246811545055655,0.6355809346390741,1.3332840914729867,-1.310900961746393,-1.4690944852476073
im000278.png,1.4708964198348784,-1.2750097303823285,0.6230235261365601,0.6510399625396376,1.390388785448659,-1.3487150817953963,-1.51162388178201
im000277.png,1.566143877955441,-1.3538453470944574,0.627704743318324,0.6774744907598548,1.4824292218976933,-1.4142780975022122,-1.5856288893346435
im000276.png,1.4838267636849674,-1.3383512435378553,0.6634027098369262,0.7200258349502509,1.4027644755464277,-1.3873262646459965,-1.54434227583472
im000275.png,1.5423160035395271,-1.3908195970227837,0.6570373829247518,0.737144493645109,1.4600234276869029,-1.4225100449457073,-1.5831916658277994
im000274.png,1.57962946482012,-1.4150992994167182,0.6446323565161893,0.7361707097399908,1.496658214392913,-1.438926713555358,-1.6030647324971363
im000273.png,1.5094374289457908,-1.4189672762067125,0.6214334778208296,0.7712054750487802,1.4327356589561715,-1.3857457153258192,-1.53009904923904
im000272.png,1.3879464669844308,-1.3785224243047898,0.6456369724358493,0.8070322332934292,1.316124270848963,-1.3269384534208473,-1.451279065837035
im000271.png,1.4021513066691946,-1.3727086293394763,0.6273330175716229,0.7872079888285266,1.3302394736130432,-1.3233644553374506,-1.4508587020054597
im000270.png,1.4443022466238415,-1.4385492452895685,0.613705996329202,0.8241676192348918,1.373277114806108,-1.3464556988947884,-1.4704480328096863
im000269.png,1.5017129343541464,-1.4382592267816787,0.6059329915536114,0.7893172605796861,1.4273121242335105,-1.37425982377452,-1.5117562601647552
im000268.png,1.558666339335034,-1.422618810546823,0.5986724819272374,0.7397373674096127,1.480219142333421,-1.400387708138827,-1.5542888123196552
im000267.png,1.5194254402351701,-1.406705498277884,0.5892837875182511,0.7426847709983833,1.4434763708979768,-1.370770406307478,-1.517394465064419
im000266.png,1.4174393537836594,-1.3678372340571137,0.6045609641792047,0.7662027958285255,1.3456783927223062,-1.3178339451111303,-1.448210327345451
im000265.png,1.3243319548382815,-1.2741646365765913,0.5891404428152054,0.7203010261487152,1.2556404993307124,-1.2453849618575226,-1.3698643246988007
im000264.png,1.3501740111081513,-1.2744237942671062,0.5308379264005858,0.6864917843811761,1.283313153716222,-1.2251288167019116,-1.3512642646371171
im000263.png,1.2509477169239172,-1.1975163885563471,0.5177588992686085,0.6613388003622485,1.1881546306783282,-1.1525021836948772,-1.2681814749818778
im000262.png,1.193988013763687,-1.157676737815943,0.492051855113428,0.6450081103533953,1.1348248919243282,-1.1003983599758822,-1.2077977733630132
im000261.png,1.076161401468555,-1.0962961201531285,0.46479583071994424,0.6407466307889096,1.0238487998244867,-1.0105003049626524,-1.0987562376861142
im000260.png,1.183965735844625,-1.1579766125188775,0.4138181781088441,0.6244606801753813,1.1302433597514678,-1.0479153641744792,-1.1465959771869612
im000259.png,1.1737699485052475,-1.1500418159557704,0.4107543684175896,0.6212634031471147,1.1205687374432731,-1.039419294952438,-1.1368953466050165
im000258.png,1.2114407801085743,-1.1531939139043699,0.42457342234018053,0.6080851456751676,1.1550198287320204,-1.069367365160149,-1.1765578977914233
im000257.png,1.0697672480727836,-1.110001122105599,0.4311000951957933,0.6464572933965183,1.0205294397553337,-0.9882447919938304,-1.069608162320999
im000256.png,1.1722279177218793,-1.1721459840713837,0.41221638944882627,0.644440675148787,1.1200057305955795,-1.0419049962583482,-1.1348397325853394
im000255.png,1.0142892412140767,-1.2145258804726562,0.3946364603077582,0.768215425374986,0.9755385464453611,-0.9467552198596831,-0.9913985730098422
im000254.png,1.1133187540844949,-1.2428941008759085,0.38813443339358455,0.7389377964641662,1.069585438682973,-1.002093336771523,-1.064988984977787
im000253.png,1.2300418092116556,-1.2783117508526096,0.3994545724124902,0.7127958680316533,1.1793675360486895,-1.0789083414423566,-1.1644396934095225
im000252.png,1.2475572913787976,-1.2906265034234274,0.430637070982993,0.7257413424037801,1.194353872243867,-1.10887579859463,-1.1987872749913797
im000251.png,1.2606354638390218,-1.3120009065023528,0.41731181202171963,0.7350708356108142,1.208301735377002,-1.1106993746534986,-1.198619565692706
im000250.png,1.2899595104179609,-1.3488824418302998,0.40914539705988834,0.7524161999872118,1.2377732244973496,-1.126548073122085,-1.2138638170100253
im000249.png,1.35415967319768,-1.427645276852679,0.3828264083636062,0.7855826548154116,1.3027229203250767,-1.1559697343159685,-1.2416766455331265
im000248.png,1.31288290288248,-1.4742251580458514,0.3905273579403107,0.8571396199863445,1.265768954998876,-1.1424530572298912,-1.2096406205322678
im000247.png,1.3369183838916217,-1.5063933656632136,0.3790536922442816,0.8716563632183895,1.2903006118066436,-1.1527989820396636,-1.2187367034580596
im000246.png,1.4151290187116008,-1.5024163206828562,0.3865338555767206,0.8267448010232176,1.3626572471318024,-1.2010937413996172,-1.287554860360867
im000245.png,1.3898359193674232,-1.4944226065656767,0.4192108105879192,0.8439578888843395,1.336717738904713,-1.205447692869009,-1.2898520583097086
im000244.png,1.4865552533994884,-1.5532789516163699,0.4267542948602436,0.8508125933053724,1.429085476858531,-1.2713132866658459,-1.3686153801414191
im000243.png,1.422102306762001,-1.552904963706406,0.4661381809498839,0.8995999681650423,1.3665272138863007,-1.2583770037579216,-1.3430857022988998
im000242.png,1.5183576659008442,-1.5789013264635492,0.4576082687786066,0.8688388909589029,1.4580050946418281,-1.3106644290235951,-1.4132441647930367
im000241.png,1.49890077084821,-1.570932703006157,0.4708538895822038,0.8762680385359598,1.438694734852334,-1.3066890693226014,-1.407095661489949
im000240.png,1.364646406615508,-1.5630523865739971,0.4843456488502354,0.9477323666133486,1.3122457121331244,-1.2379025138873159,-1.308015233750903
im000239.png,1.4253207779033175,-1.6380934205403315,0.46515123440617684,0.9815913406380098,1.3733094112831938,-1.2691767608895597,-1.3381025828008064
im000238.png,1.4612986992531842,-1.6134379443072129,0.47093320953625917,0.9391835751644021,1.4054556161565952,-1.290230675035539,-1.3732024807676877
im000237.png,1.434534376924404,-1.6480046173790859,0.5138569623054646,1.0026996194236037,1.3793778791419027,-1.3046683956288778,-1.377795824787411
im000236.png,1.4501780319467776,-1.6677135584455207,0.5412792687796244,1.0227176698602303,1.3931689173583564,-1.3321555796536357,-1.4074747498458313
im000235.png,1.5435835138343168,-1.7294657916435983,0.5483934024523768,1.034130371217432,1.4825967370967983,-1.3962139418080195,-1.4830242911493048
im000234.png,1.5246900879236012,-1.71538343810047,0.5478319204162428,1.030546741093945,1.464385041349839,-1.3836033126737195,-1.4684670400094377
im000233.png,1.6229534708017108,-1.762264813365492,0.5249531287702951,1.014444876230306,1.559521153777425,-1.4307813765058786,-1.5288264397083653
im000232.png,1.599620254515235,-1.7969044133300953,0.5339455930156701,1.0646656596661592,1.5387121089048121,-1.4268517517103547,-1.5131874510614256
im000231.png,1.5432106435575716,-1.791551798540073,0.5191394214686801,1.0857626569864025,1.4867382009881782,-1.3854604035525149,-1.4578387209082435
im000230.png,1.6277893649866293,-1.8356627609676581,0.4647991876109848,1.0639140249253054,1.570896455188507,-1.4057441199480756,-1.4859921517956916
im000229.png,1.6731548114896366,-1.8476206057887565,0.42441708531102507,1.0368463511303005,1.6162088847233549,-1.40858152913584,-1.4944249977297202
im000228.png,1.5684178503152264,-1.7981067328282667,0.4614189967369475,1.0587196257927105,1.5140578498719128,-1.3659007231788463,-1.4386068667096834
im000227.png,1.5662289054158014,-1.8047189396560792,0.4632547388447539,1.0670862167741793,1.5121921504244966,-1.3665038670852183,-1.4375392047179332
im000226.png,1.606128602537393,-1.8247814387492063,0.4566927933209532,1.0624827540347468,1.5507009195984722,-1.3874091833305462,-1.4638144474118127
im000225.png,1.682439101555751,-1.810008225391839,0.46107159816937116,1.0069208227068456,1.6210017058710218,-1.4315588131981631,-1.5298661897129873
im000224.png,1.725363076443526,-1.8308908351101814,0.4429110620542261,0.997527857056095,1.6630738999400585,-1.4473228223150194,-1.5506622380687043
im000223.png,1.767100953671602,-1.82069761367464,0.43050687538191934,0.960054332366228,1.7023325962198703,-1.462371589315326,-1.5769255546496528
im000222.png,1.736782401411271,-1.7644601473187387,0.48423874738648537,0.9395374330205688,1.6683168870585916,-1.4710694317463795,-1.593345889811798
im000221.png,1.7538202132273195,-1.7357105379569193,0.50519452064805,0.908748127314313,1.681686854699295,-1.490030230922922,-1.623708947009135
im000220.png,1.671260242066695,-1.7222376378396944,0.5361880860587166,0.9518416612826542,1.602169822825637,-1.4603511023986602,-1.5788710719953474
im000219.png,1.7170451281739094,-1.7375550911998618,0.49974897099742027,0.9291894537728246,1.6477805194297561,-1.4661642530176988,-1.590044728156349
im000218.png,1.6979673790748437,-1.728366897032562,0.4966348186863361,0.9296788400800011,1.6297657097270333,-1.4524705861424305,-1.573209264393221
im000217.png,1.7197478544430727,-1.7313853417695233,0.482649835649865,0.9158195316449199,1.6510732816590254,-1.4567621829757902,-1.5811429786515692
im000216.png,1.73771181864768,-1.71925284422754,0.48747617476672694,0.8954758959833461,1.6670138757296225,-1.4684557725849416,-1.5999691483148928
im000215.png,1.6975654313767146,-1.6704415073611947,0.5024519626955822,0.8746712826489422,1.6265082081091287,-1.4492195054592625,-1.5815358720099104
im000214.png,1.6781817384148177,-1.6495159061215594,0.5122951406389674,0.868116980433483,1.6069074787741664,-1.4417927997714817,-1.574192632368393
im000213.png,1.6401299136292184,-1.6548629323723478,0.5120616872221929,0.8944870399019171,1.571645608841858,-1.4207185909540496,-1.5427427262687885
im000212.png,1.601893384046764,-1.6627943079969711,0.4948461528929024,0.9177768675269039,1.5373570110425219,-1.3896616404898374,-1.4994174670222833
im000211.png,1.5430278537814968,-1.596465580800427,0.47905283541305865,0.8796989187517386,1.4804895132417106,-1.3394398326500336,-1.446363707737543
im000210.png,1.607319619860265,-1.6138794523061677,0.43782437471930075,0.8472035085404441,1.5437533914437132,-1.3530945025540548,-1.4691269397035003
im000209.png,1.5023308435509757,-1.54879082164557,0.4681797635135807,0.85159383802144,1.4410917104582104,-1.3045418675494778,-1.4098634663491587
im000208.png,1.514538434079966,-1.5075762917008821,0.43926992255122915,0.7943444261187651,1.4524427874606887,-1.2895103851304315,-1.4035088933793356
im000207.png,1.4982110624376919,-1.5141627231418824,0.4114988959781963,0.8005530651990692,1.4391827954326548,-1.2643812232491747,-1.3709018726565547
im000206.png,1.4174833327802754,-1.5031947693342345,0.40591308048424696,0.8327479580267421,1.3637096331075858,-1.2141174558087149,-1.3025417792558998
im000205.png,1.56050039626475,-1.5224483952144674,0.3535600705345268,0.7545154461481656,1.5011958516168187,-1.265871448544878,-1.3814519208049154
im000204.png,1.5787823585807508,-1.5485122974068233,0.34839170286435645,0.768334898379561,1.5197084482717609,-1.2760510058105308,-1.3906541048790746
im000203.png,1.5396653153424282,-1.5195900190021656,0.3489903484534774,0.7617410123467239,1.48190596324767,-1.2510227039306605,-1.361689916457473
im000202.png,1.4490133591438528,-1.449620398130973,0.3462034780835914,0.7421438924731051,1.3944258079566865,-1.190190683428096,-1.2919754560981662
im000201.png,1.469143942283211,-1.4522413712090243,0.3431378956410589,0.7324974345387771,1.4135122708893837,-1.2000421979763336,-1.3060079741670725
im000200.png,-0.0686518238529863,0.42227818172373077,-0.15833323073704084,-0.4322336092387963,-0.07286918676738675,0.18109411281872578,0.12871555605375326
im000199.png,-0.0026972268975613265,0.3996959737885635,-0.20093697763382168,-0.46101530323764434,-0.007744319532868784,0.16674131087761654,0.10595654263571562
im000198.png,-0.11400393346654311,0.45686406640490435,-0.22830956116531784,-0.4647838881062234,-0.11244513945456029,0.25254608772421494,0.21013236806352495
im000197.png,-0.311666621516226,0.6059728590749464,-0.1854821375371606,-0.48758646340606304,-0.3060152090662098,0.355516642950877,0.32926092949983576
im000196.png,-0.23843949786796326,0.6105210989526141,-0.24923811617059258,-0.5543457117615493,-0.234001595586428,0.35276111058758725,0.3127427118463316
im000195.png,-0.36279630213464087,0.7159974856186463,-0.2541535384123959,-0.590970158495612,-0.3543552131667425,0.4379310809861023,0.4083466456046421
im000194.png,-0.3028484112144534,0.6909941274002026,-0.2891273069331733,-0.6114429048613703,-0.29519407995961094,0.422137076608321,0.3854814989600838
im000193.png,-0.3975900405295986,0.7597566696461558,-0.3138523265778422,-0.6349813817439639,-0.3851037325654745,0.4982841155138875,0.47348669625683537
im000192.png,-0.4727181460133743,0.8169069912252691,-0.33283222564929077,-0.6560253570526723,-0.4565527921558753,0.5585866109614793,0.5426349186844638
im000191.png,-0.5571346363125391,0.8049016007386985,-0.388376975679043,-0.6159653253237314,-0.5314269843684428,0.6382717435291854,0.649730577415872
im000190.png,-0.6541712687872591,0.8462126117963978,-0.4053019734876231,-0.6084873229796104,-0.6227543459384133,0.7079634858811495,0.7365388135153581
im000189.png,-0.7536631803475385,0.8865858559176977,-0.43514649550163825,-0.6030803010182952,-0.7155462628315503,0.7866753673569976,0.8341750164243266
im000188.png,-0.7866232247835886,0.9161120977438929,-0.45680218604367556,-0.6212110384469264,-0.7462760079407137,0.8216124456913929,0.8731879137796182
im000187.png,-0.7433661660167002,0.8873145903861497,-0.46710315524518575,-0.6203199855732415,-0.704025480372649,0.8000647045542607,0.8474354922673659
im000186.png,-0.8194742297551482,0.9624647212740353,-0.44386131757805325,-0.6443337131513572,-0.7797426262339274,0.8376622413704018,0.8872849240740487
im000185.png,-0.6945289086910875,0.928012039002485,-0.4319663951887849,-0.6758086137245454,-0.6623646953075083,0.7559581533496008,0.7806984205598402
im000184.png,-0.6343257872809054,0.7978085169884369,-0.4078048265014608,-0.5725788326560461,-0.6019695873919775,0.6927935325978043,0.726076984244148
im000183.png,-0.558849354920374,0.7328175391171989,-0.4163870714123322,-0.5532943882357586,-0.5281769217669477,0.6479167894609079,0.6759734077573056
im000182.png,-0.5963455076756616,0.7654120289113914,-0.4021817538277859,-0.5598210481383323,-0.5654546503962272,0.6642928780481686,0.6940980530784465
im000181.png,-0.6396360303154373,0.8156019838290023,-0.41749525640786134,-0.5904663114077944,-0.6071124226572407,0.7035999850311925,0.7355080519281386
im000180.png,-0.6432018449190402,0.8228456392120677,-0.4045604709272773,-0.5912669253450584,-0.6115428753618107,0.698686629784191,0.7290398475569277
im000179.png,-0.7034735346985905,0.9548490633569628,-0.46098892722445234,-0.7071321781964418,-0.6701181238562294,0.7814129698735047,0.805450730745246
im000178.png,-0.5319444765730498,0.8869524516635587,-0.44142727184988895,-0.728911244699553,-0.5082751860834485,0.6649978250993179,0.6586079024430632
im000177.png,-0.5375996681533353,0.8811556169203534,-0.4438389146215335,-0.7208557124936128,-0.5131528178307343,0.6689912047429171,0.6653002914359449
im000176.png,-0.7756160711111546,0.9679205916717659,-0.47917985589830425,-0.6860472210710399,-0.7369048979864763,0.8346020023696147,0.8752254520255941
im000175.png,-0.5342902070362634,0.9240269384100895,-0.4391980124529799,-0.7634608323561641,-0.5122181865173633,0.6691551286054102,0.6559851713472705
im000174.png,-0.6126333403708012,0.9433190600266242,-0.4328322312068313,-0.7367758422648014,-0.586556325022156,0.7118480513745411,0.7136306274634241
im000173.png,-0.6936879366688425,0.9791285695318165,-0.4512222032714397,-0.7332515957142522,-0.662640197707509,0.7727541271048776,0.7889192367253491
im000172.png,-0.6300892437193464,0.9323515296977672,-0.4387312790327869,-0.7182273934938557,-0.6020084171594682,0.7240272855247928,0.7326775181828965
im000171.png,-0.6783622862654718,0.8989893540363871,-0.4709662577035875,-0.6693155905160415,-0.6436393726493069,0.7669009741209252,0.7963931789770952
im000170.png,-0.5871887551379921,0.918307172828174,-0.44253768002556476,-0.7295120605772509,-0.5611296451728692,0.7004497597269962,0.7016112083585062
im000169.png,-0.6713119299704305,0.9424294448700684,-0.47334071112592163,-0.7169325289285673,-0.6388119516147678,0.7692123118616269,0.7887553649079914
im000168.png,-0.6191609714006301,0.9052741499634223,-0.4664638858820232,-0.7069360292857237,-0.5889416306849017,0.7314066215815404,0.7448217457083155
im000167.png,-0.6126329281874751,0.906247298540896,-0.44790453574442024,-0.7052612255162644,-0.5840209725618228,0.7167085076227956,0.7268638558462902
im000166.png,-0.7106720020503934,0.9314685854489175,-0.46187361097850194,-0.6803403236445732,-0.6757612083999279,0.783390261913997,0.8137882977104816
im000165.png,-0.6092788622609723,0.8912711313063971,-0.465808769809736,-0.6983858810169314,-0.5791483397889151,0.7238487041244461,0.7375020174457112
im000164.png,-0.579415568570938,0.8615757426384009,-0.4957521659252332,-0.6957901188596989,-0.5481628899966976,0.7215416429352467,0.7360033577789196
im000163.png,-0.5820277331465457,0.8451418465986165,-0.4710265253622441,-0.6697603095163216,-0.5513869110531859,0.706368754136567,0.7226908783431133
im000162.png,-0.52346607833329,0.8103374569242309,-0.43912189930824475,-0.6571997527101149,-0.49715898227675426,0.6502129538179546,0.6563963018862179
im000161.png,-0.5167655222721728,0.7949410198197734,-0.42905090772715676,-0.6423240576891573,-0.4908465072483668,0.638661054559896,0.645384920557184
im000160.png,-0.42299650895276175,0.7565300407268557,-0.4212157126578093,-0.6539172803456398,-0.40214221535009587,0.5765871326572152,0.5671545439222355
im000159.png,-0.4303604215925428,0.783481093922835,-0.39896276811220693,-0.6689173160743866,-0.4115440080230227,0.5704574979090214,0.5558459219703022
im000158.png,-0.4492708681550822,0.7507046561380679,-0.4138145025516797,-0.631048810795312,-0.42685694875734054,0.5863707914766457,0.5839156826447004
im000157.png,-0.38748746577412596,0.7046421707960565,-0.4025677396146533,-0.616140414444281,-0.3678746991268615,0.5394965394316672,0.5299316087321976
im000156.png,-0.21078011607883818,0.5915186175142441,-0.4083113796802644,-0.6046886592367913,-0.1976861254574753,0.43022270451624917,0.3997249584228753
im000155.png,-0.35377783888612135,0.6155501177854135,-0.39782580505078824,-0.545323043250392,-0.33281655737026317,0.5075717872356383,0.5066213395365128
im000154.png,-0.3093578588865861,0.6264400331004826,-0.3915777272678035,-0.5786778173938155,-0.29221976880455547,0.47991478900717893,0.4654783502450987
im000153.png,-0.19615899452612545,0.5763191966983037,-0.38590850675011024,-0.5902494935882355,-0.18474088339365322,0.4068263003444652,0.37391238121535514
im000152.png,-0.3386245762850903,0.6027909456257511,-0.3752144897079981,-0.5335190359455693,-0.3194939294268112,0.48402352639884677,0.48003755934087045
im000151.png,-0.5715410261571743,0.6373330013375387,-0.41990813678734784,-0.4531411821488725,-0.5356382920295856,0.646482034163298,0.6964136016221434
im000150.png,-0.5382725451758201,0.6285184420403817,-0.4251273594988718,-0.4647083209798486,-0.5038903590606929,0.6297890815529927,0.6736910611218588
im000149.png,-0.40786705993082784,0.5485154537547796,-0.4225732616323048,-0.45739878768682085,-0.37886056867776297,0.5454712691180074,0.5727129550549293
im000148.png,-0.5995735354277317,0.6184212724900886,-0.45549514216073184,-0.4308900760316632,-0.5588079790755289,0.681531140076456,0.7448143201291111
im000147.png,-0.46410972381255755,0.5116157225242595,-0.46979726707614083,-0.40562201880239535,-0.42686264164197285,0.6014330235025932,0.6533429053062139
im000146.png,-0.4167921267769417,0.5268284762583827,-0.4747714130423738,-0.448646887470756,-0.38306802180767124,0.5793413640766032,0.6171086087627566
im000145.png,-0.4077681627105979,0.5280122467113703,-0.4076288487532021,-0.43216225088481514,-0.37878214545703487,0.5341637663235462,0.5641653947707331
im000144.png,-0.2458950495054581,0.4449712153955743,-0.38122532895769334,-0.4313053736449517,-0.2257050240056045,0.4174153653277769,0.42174419539035624
im000143.png,-0.36882490834802373,0.5018690602091351,-0.36399020020136874,-0.4132770112046727,-0.3439535916232766,0.4830576389865847,0.5051190121816217
im000142.png,-0.3086646455054547,0.47182983463840417,-0.36353709809036544,-0.4169319786798715,-0.28652904725924083,0.4453649026260564,0.45846803227047167
im000141.png,-0.28879399787749493,0.41552966229441285,-0.3830599379047192,-0.3789884710710569,-0.2643409891581133,0.4394849450323106,0.46016878868466066
im000140.png,-0.21584767266777358,0.386057770486081,-0.4031218287536183,-0.3972446761360799,-0.19376173142821224,0.40690373531339047,0.41701440318621236
im000139.png,-0.17976569669594258,0.37939099481953786,-0.4188118661856492,-0.41603371088231633,-0.15884522046771463,0.3951294768280412,0.39893602258404337
im000138.png,-0.2298335082612399,0.4149881556161441,-0.4183002137213992,-0.4231555588771787,-0.20715291239042236,0.42715714045524666,0.4362968971788491
im000137.png,-0.18332039725949723,0.41371394189763255,-0.4400614513400493,-0.4551225504901248,-0.16236835961667898,0.41372053896138544,0.413438277847332
im000136.png,-0.14182117947687006,0.3480189243277346,-0.4607124230926571,-0.42031607247794533,-0.119518068290555,0.39522027930861436,0.39912853970167816
im000135.png,-0.08923801466835506,0.32203469372919796,-0.45825455345835814,-0.4230826051906067,-0.06946331559782071,0.3610708140222905,0.35693298116365174
im000134.png,-0.025000620241994252,0.31027833417091416,-0.39893043313672294,-0.42717781559781626,-0.012612582710319621,0.2878736670479828,0.2655694504679558
im000133.png,0.0897851098989234,0.29913407514007095,-0.391786286353853,-0.47761974829377496,0.09455599660848295,0.2173822091777925,0.16854864382235754
im000132.png,-0.04760256774869582,0.37340043770546955,-0.39972137772077676,-0.4771976915089968,-0.03641180332131058,0.30822915203869977,0.2793038505556104
im000131.png,-0.10767512436685855,0.399657067671306,-0.44345661006880177,-0.48447277206350947,-0.09095703319652387,0.3713637755159999,0.3555406965083874
im000130.png,-0.08506207285470052,0.435384065321269,-0.452283918399925,-0.535310834073227,-0.07087754972910894,0.367864976890176,0.34028533284551593
im000129.png,-0.18783775113620094,0.4623648839591609,-0.4500871591258455,-0.5040330630704651,-0.1680979127503933,0.4277452549950378,0.41994574712870586
im000128.png,-0.0177778784843524,0.4298745125174313,-0.4658265894698673,-0.5718759741352123,-0.007024638237129014,0.3372763238050448,0.2953542440040845
im000127.png,-0.06830208691843931,0.4714439030083441,-0.43613178556752774,-0.5747858750414385,-0.05779381016205819,0.3527588900836094,0.31281076459750967
im000126.png,-0.0989554180596608,0.5149603529444507,-0.39004660469624686,-0.5851380372842352,-0.09110156064004273,0.34740023189178737,0.3028810358439468
im000125.png,-0.05738926764156067,0.5410775867872722,-0.36393176089548834,-0.6252316988873209,-0.05504091201974805,0.311173022633939,0.2493430300229061
im000124.png,-0.07945105632529711,0.5378190002752697,-0.38250927718875755,-0.6160141600830452,-0.07435659400591767,0.33441646018940796,0.2800956271383394
im000123.png,-0.07216512645301972,0.53823532622979,-0.3223154408853829,-0.6001513898780335,-0.07123651797515627,0.2942970297627215,0.23333611919908023
im000122.png,-0.0704443935887264,0.5195909397202015,-0.32804266956140654,-0.5846332513829375,-0.0684685469745471,0.29465820899961914,0.23733971278779634
im000121.png,-0.14044981089422826,0.5379518717506038,-0.3312650141660463,-0.5649051653259702,-0.13440225126369607,0.3382690494894752,0.29480132040986157
im000120.png,-0.12345744547463594,0.5347923125398887,-0.33466544177963253,-0.5723870250433287,-0.1182004578144907,0.33033357695633914,0.2835844806158598
im000119.png,-0.09531922313252357,0.5733736642469054,-0.32358796406696055,-0.6223955152689907,-0.09430013157563068,0.3121099282190463,0.2501192415781532
im000118.png,-0.015890699511013427,0.5451939709236081,-0.2891837872393774,-0.6271408940881724,-0.02104071112705032,0.2433922058631713,0.16466991517883356
im000117.png,-0.013103228684286372,0.5515050654184602,-0.30266944281516733,-0.6394772691562712,-0.017894802247441895,0.25059851764166685,0.17104115984303905
im000116.png,0.07379828048375665,0.4842124767953102,-0.2769794260280084,-0.6127026846424172,0.06457569180909688,0.1784758182406558,0.08861984334160541
im000115.png,0.17679395733399236,0.4054267141641345,-0.29225804348487977,-0.5973682737758271,0.16505841535573107,0.1204849014096067,0.02186232899724159
im000114.png,0.27013914885394064,0.37339701312936696,-0.29518563201750814,-0.618661141416367,0.2537432142046843,0.06581217633695281,-0.049244779091070355
im000113.png,0.1614610981171038,0.4071908843579696,-0.2875491149627418,-0.5889899572167075,0.15038658430192484,0.12654094539091748,0.0309595600115331
im000112.png,0.3095405284772219,0.3481202789765895,-0.26765439001816904,-0.6063257086742362,0.2899410868025544,0.0241888809075806,-0.09781067647154182
im000111.png,0.34607258453786244,0.3361638140505462,-0.28148820910449884,-0.6195152524232027,0.32539562583556464,0.010454246554704854,-0.1170828094509772
im000110.png,0.26186858529112433,0.33818642552539124,-0.30274537723522604,-0.5818459277051464,0.2480220494452475,0.07106421475864548,-0.03454997008003652
im000109.png,0.16733587534278094,0.38107334850016156,-0.26295542496372365,-0.558164579904115,0.15551321559302606,0.10555619698911424,0.0116413684427553
im000108.png,0.16657076934460005,0.35507719908439805,-0.2388947647734349,-0.5239451191130697,0.15447071082375308,0.0886620275168485,-0.0019408228830957715
im000107.png,0.23286374706919674,0.3220279667119528,-0.2256513740772304,-0.5237205669061973,0.21697173941686324,0.03950187178939311,-0.06199338400397874
im000106.png,0.07762806359135017,0.34678211367832845,-0.21776263458467654,-0.4591371324849601,0.07054738660644347,0.12541301309217712,0.05652919010133693
im000105.png,0.059904770329046376,0.30775664547046944,-0.21877624004864887,-0.41108569393198546,0.055773459893757864,0.13166651354364503,0.07476054474371516
im000104.png,0.16801648601325753,0.30529994413293093,-0.2151096409871411,-0.46756715379765634,0.15654619339786277,0.06801030777503732,-0.01519613653429154
im000103.png,0.2152325803158177,0.2686610071605143,-0.2268992873628526,-0.4616387004052667,0.20292408411045665,0.044232546526244414,-0.04251223034491423
im000102.png,0.11344368165584097,0.26817577897668954,-0.261574797510298,-0.41624150548140837,0.11006605756002694,0.12254742814732555,0.06358335665182296
im000101.png,0.06744156226771555,0.23458026623179898,-0.27958662144105323,-0.3635595800142255,0.06969945642387683,0.15559317500430078,0.1158317415275863
im000100.png,-0.36261035123058116,1.4176724913396863,-0.9387139082252723,-1.5150814878779764,-0.3431781342318835,0.9265455862862441,0.815365803939782
im000099.png,-0.33796109642653976,1.3660162350008562,-0.9561467671487117,-1.4836760759782794,-0.3168605705174391,0.9172314398146306,0.811396835255482
im000098.png,-0.2797565795756199,1.3682224564507077,-0.9639792889177803,-1.5208802223926046,-0.2621647981709306,0.8892289406151193,0.769329491991107
im000097.png,-0.37276564422057173,1.3810947676673,-0.9697031253792366,-1.4837798721342472,-0.34917348397899517,0.9467397700782988,0.8475875879674509
im000096.png,-0.4076402408532915,1.3925804543306097,-0.9797239516502639,-1.4791031836462232,-0.381609952530905,0.9737671560120573,0.8817297183380154
im000095.png,-0.45947744672116825,1.3619339789644447,-1.010366172893765,-1.4303521605159575,-0.4267823576473427,1.0180092941356669,0.9470348646781206
im000094.png,-0.2743243810275251,1.265966324160604,-0.9786867834953762,-1.4279011340864824,-0.2517372615211624,0.88347470056512,0.7832085354048209
im000093.png,-0.4018671654854845,1.3155417916528651,-0.9701497721382778,-1.4030136731767815,-0.3734419040569346,0.9561133368785988,0.876817386326013
im000092.png,-0.5682007031503615,1.3436119461301392,-1.0214788961403385,-1.3555280631680016,-0.5267658572947169,1.0841360924795218,1.0442254811437561
im000091.png,-0.40904946103581924,1.2546671480218266,-0.9833780746122625,-1.3433774211700253,-0.37668244430619335,0.9612608379462791,0.8965594151561935
im000090.png,-0.4361060339586303,1.291144753182984,-0.9701843607451501,-1.3598877021814373,-0.40432607472457177,0.972770668090609,0.9065887503361953
im000089.png,-0.46708617844814043,1.2598363464203781,-1.0088753304937195,-1.324804450348737,-0.42951652697552994,1.009954022947662,0.9604921168980856
im000088.png,-0.40597407543493735,1.2382152380275444,-0.9733788728442668,-1.3254670159792508,-0.37370249180551923,0.9516849927061546,0.8886222253302748
im000087.png,-0.40516205010151396,1.2210814724222943,-0.9694718590164588,-1.307681484973105,-0.3724343968202637,0.9469613540862238,0.8867069644028227
im000086.png,-0.37771543030594634,1.2066898848248537,-0.9707048023572841,-1.3091568545298629,-0.34611833564554534,0.9305498566226947,0.866455681391089
im000085.png,-0.1862344160057893,1.1376670158726598,-0.9440378398945395,-1.3385242214190574,-0.16603945265694653,0.7984620780165789,0.6987068360870924
im000084.png,-0.08602519336807293,1.0616821910211296,-0.9497117068090076,-1.3211617976208965,-0.06886342723014459,0.7366116366212864,0.6274682973857048
im000083.png,-0.06555513783922758,1.0660068917467342,-0.926996435045399,-1.329149192926134,-0.05133132098053121,0.7119111813980264,0.5951140136465298
im000082.png,-0.01120378289353366,1.0719369908782697,-0.882114917615893,-1.350085374519358,-0.0035998084052771364,0.6549435942311242,0.5201232983246667
im000081.png,0.025652316764124716,1.0396607571484868,-0.9060709293980306,-1.3468096511394982,0.03365975871516123,0.6448039967214321,0.5091037511883227
im000080.png,-0.14258686249416552,1.1385311525545805,-0.9151866824924948,-1.353916843610646,-0.12710050812030427,0.7565817806506276,0.6436779635124017
im000079.png,-0.31427446978677176,1.2039788109451541,-0.9091133188788525,-1.320974634202494,-0.2905435763790776,0.8574618554916118,0.7734653328104285
im000078.png,-0.2233261486997861,1.1675982851603406,-0.9134347078251095,-1.3371087306457472,-0.20382081135492913,0.8044914637546874,0.7056006496105431
im000077.png,-0.2404967132049759,1.1693971210833134,-0.9021791178501782,-1.3255314989071763,-0.22060723596243426,0.8076714305435166,0.7117460142979334
im000076.png,-0.1917265118250189,1.1553921857898413,-0.9191929419639827,-1.3445806587057836,-0.17344938977324975,0.7886847524586018,0.6848725640195908
im000075.png,-0.23711167493622592,1.1431663758779436,-0.9618423264155304,-1.3216624325450954,-0.21267469295635183,0.8385342575505079,0.7515904934247513
im000074.png,-0.3877175156651363,1.2246391079348626,-0.9801486596986988,-1.324504664793148,-0.35566133426429714,0.9438814647757029,0.8795116017107139
im000073.png,-0.4309321052325334,1.2272070801023176,-0.9528338434492624,-1.2937747661875028,-0.3977619843147733,0.9522712635612154,0.8958243555205381
im000072.png,-0.4039248817908256,1.1923238002722527,-0.9493701551394396,-1.273186134516291,-0.3712470785372004,0.9309943533983626,0.8744100963131405
im000071.png,-0.4210430397208874,1.1640204380771049,-0.9762482571004618,-1.2447927006963477,-0.38435131814719303,0.9535969159935852,0.908817961594199
im000070.png,-0.07880774213700738,0.9843280948375118,-0.9399137841615888,-1.245488815090373,-0.05934734349125136,0.7179709817382018,0.6212586083045055
im000069.png,-0.007914689175856913,0.9781987734360494,-0.9048136930526068,-1.2670232413811082,0.004941993135868132,0.6561440544641336,0.5404668025735201
im000068.png,-0.009563143829332826,0.9469449098720014,-0.8663325879446014,-1.222251153538538,0.002427646659936026,0.6305245486117768,0.5182497801687572
im000067.png,-0.03703137788251221,0.9943074731614592,-0.8339580330842089,-1.2428029471925135,-0.027241848854860973,0.6320049846247308,0.5147217492279048
im000066.png,0.029337267290139968,0.9379620295791249,-0.8509914209400821,-1.2298421261564223,0.03818812512550745,0.5983142264437541,0.4770318986579766
im000065.png,0.013756734754336777,0.9375312949695525,-0.8481368686603395,-1.219784985930787,0.023493762799643547,0.6053742453334024,0.48776581673419017
im000064.png,-0.031624422038148935,1.0190244164010203,-0.875089850216163,-1.2841065602407165,-0.020773548163718954,0.6563502988146599,0.5362196654430662
im000063.png,-0.21521918911043958,1.099121964828642,-0.8797973399806047,-1.2626460505153414,-0.19531206660993383,0.7720700893063233,0.6817825920813531
im000062.png,-0.3454479854606234,1.1893089448551446,-0.8638831451849722,-1.2738729006839877,-0.3217447459641406,0.8463734557051908,0.7692663767333879
im000061.png,-0.37436179867872404,1.1875158875893554,-0.861684756947339,-1.2552745289084983,-0.3487821810540274,0.8612191804000556,0.7913681975991766
im000060.png,-0.24766866046548291,1.131022193175461,-0.8277411707472234,-1.2585127241137115,-0.23015201435069368,0.7628477820214342,0.6702045944802154
im000059.png,0.06669700253965921,1.0066579778251956,-0.818123854509647,-1.3073575535097843,0.06805402008069626,0.5652070951409565,0.41886531243292235
im000058.png,-0.08427049524811878,1.0600246032609872,-0.7825059098455983,-1.2640365815153094,-0.07732278142244473,0.6353130897313578,0.5127980750391258
im000057.png,-0.03178229143485065,1.0752069903058585,-0.763014484454858,-1.3016460903585358,-0.03018964592375335,0.5956422984521041,0.45578322341403393
im000056.png,-0.10301886568196565,1.0866169242583015,-0.7427855428873025,-1.2664502545499539,-0.09839508576457472,0.6251269571303089,0.4989058674951853
im000055.png,-0.02887014073152656,1.0755587051325743,-0.7552122088246447,-1.3009786846014837,-0.027961938370048397,0.5893618660630021,0.4481024013321258
im000054.png,-0.18857237418477643,1.1178158727823744,-0.7969140720612101,-1.2679394319720736,-0.17630246253959345,0.7094607337517318,0.602451734223546
im000053.png,-0.27270970356731933,1.148927355338449,-0.8200867129840806,-1.259676429524715,-0.25476714570188697,0.7744474814126744,0.6838651550268776
im000052.png,-0.3716161100919685,1.2217137298947807,-0.852718055947115,-1.28754099970194,-0.34825811908622617,0.8581376730887856,0.7802818818436819
im000051.png,-0.4222670413224688,1.2021264177699806,-0.8580162230326778,-1.2418111821846862,-0.3943476566605829,0.8877752478953054,0.8265404375351284
im000050.png,-0.3046614540361362,1.1693106067859123,-0.8794886207031296,-1.282087047636675,-0.2818611827767065,0.8303885260607955,0.748399172305939
im000049.png,-0.3954967917650308,1.2221909404466567,-0.8471867332375328,-1.272858839089153,-0.37090050698729193,0.8683942760540914,0.7958576545782599
im000048.png,-0.3620127595849637,1.2338957624947007,-0.8568697246499121,-1.306314151591643,-0.3395756791392663,0.8565570960262319,0.7743194564448512
im000047.png,-0.359335370710847,1.2004210002833753,-0.8478852718425594,-1.2717166228198906,-0.33616231733562246,0.8459019186656693,0.768776663759874
im000046.png,-0.2709336832553215,1.1556599605166267,-0.8153975541643237,-1.2657287494139633,-0.25368887150876396,0.7713908676383834,0.6786980301873613
im000045.png,-0.21152933463516344,1.0960801426251308,-0.8234684357060857,-1.2426732803876617,-0.19516178532292705,0.7359116065781548,0.6408410868485512
im000044.png,-0.09197347779933944,1.060027121266671,-0.8197292163847455,-1.2723238496574838,-0.08224735851253279,0.6619613285024434,0.5442854525849857
im000043.png,0.05786849008571175,1.0205191295999905,-0.8152688008712566,-1.3151683963348273,0.059036642612698545,0.5700509885625197,0.42296194634516227
im000042.png,0.15463442824603765,0.9281795130082959,-0.8176390152219878,-1.2786260124835163,0.15351245249163595,0.5063339417034168,0.35360469225611646
im000041.png,0.04019930079864386,0.975226004947799,-0.8198352285952907,-1.2621581392250758,0.044802884063912536,0.5776971755607244,0.44406800244928557
im000040.png,-0.03594772991661817,1.0223338433543132,-0.7898896948220561,-1.2561973863515596,-0.030134201074596433,0.6081527305298834,0.4816824382806325
im000039.png,0.06390086691279194,0.968875013278059,-0.7905532957411312,-1.259184584331296,0.0654172484805324,0.5460366955943956,0.40550805580664717
im000038.png,-0.00684756239819,0.9953770299879121,-0.7836771564703657,-1.2436714417927892,-0.00217938122867496,0.5849357695469518,0.45606274235515465
im000037.png,-0.17221070571799268,1.0721357960118636,-0.8047210970534268,-1.2345736995893066,-0.15856507521080337,0.6997444263531176,0.5981903552065472
im000036.png,0.041748465228403524,0.9798906259769373,-0.7759034710822966,-1.2527902621159974,0.04337306425071027,0.5510390128469849,0.41264256489525675
im000035.png,0.15604092451045348,0.9308483826301944,-0.763328332416551,-1.2637032384777829,0.15140538843052617,0.4733176560046541,0.31541921931850464
im000034.png,0.17503583993554792,0.9046979116063149,-0.7661785921646237,-1.2494121274079866,0.17044609949321823,0.461336851627372,0.30407401691015606
im000033.png,-0.005468422481714899,0.9624298351327321,-0.7518591758886058,-1.2011617967837087,-0.0013892555979976092,0.5614023517340236,0.43604646388527035
im000032.png,-0.018284448833373903,0.9311742251528679,-0.7647126076197,-1.1675106272202593,-0.011202882564319436,0.5728408620379175,0.4576954790468661
im000031.png,0.02464198251977221,0.9003959634038657,-0.7423901502337439,-1.1534630439494422,0.02884147177383759,0.53172351927195,0.4102502572137595
im000030.png,0.0652093391819907,0.9390821682041524,-0.6942608867706132,-1.1979774893693214,0.06208250476015287,0.4842916767512023,0.34157268724243517
im000029.png,0.004173305209865599,0.9309031668050343,-0.7247477066303305,-1.166240846414654,0.007335644341525478,0.5361705315263143,0.4124059051622442
im000028.png,-0.028799253238348445,0.903098695818365,-0.7235700061610538,-1.1200454694071937,-0.022291806350373474,0.5510025555499324,0.4406052837886712
im000027.png,0.17293914468738658,0.7871800486836459,-0.6987892866527122,-1.1094513206618222,0.16952099954901806,0.4089713301103364,0.26962908428414656
im000026.png,0.1737011367658074,0.7881056054505848,-0.6954372944652708,-1.1096571790998913,0.16998781502897625,0.40663695436806524,0.26666296195172695
im000025.png,0.12665632636218377,0.7973879461043563,-0.6882945968372352,-1.09023824254657,0.12524658287963217,0.43002729501207476,0.29921468902555726
im000024.png,0.15006332171521608,0.7347528299295042,-0.6619267541038626,-1.0325098765834557,0.14822026159854265,0.39395599891068106,0.26744421853337313
im000023.png,0.17122159795282874,0.7424342228528431,-0.6627657733670423,-1.052148734391749,0.16768060917859878,0.38334692204397,0.2502311557305499
im000022.png,0.1625416077291332,0.7432349045255667,-0.6480394449393859,-1.0431374010332086,0.15864996924672883,0.37953140398107027,0.24721896049009473
im000021.png,0.2969201992724239,0.6916856809425057,-0.6844978957218071,-1.0793078661360052,0.2885179960246327,0.31952116446521406,0.16716072115303462
im000020.png,0.1353687547896978,0.7214054532092828,-0.7017243125052706,-1.0245951541399465,0.13751055163857598,0.4246028639234939,0.3074318430841657
im000019.png,0.12079575531906227,0.6971066646739367,-0.7356383489706163,-1.0039477854966283,0.1270345235704772,0.45042782349083604,0.34422136741293163
im000018.png,0.15818800696270544,0.7258394117383709,-0.7012615891138609,-1.0415119432453643,0.15858349161362167,0.4119095323310517,0.28825308971347446
im000017.png,0.12055552371249992,0.8267978533797923,-0.706799299422095,-1.1221325417509098,0.11939498348509156,0.44786383694992554,0.3143196436456945
im000016.png,0.14074683969979374,0.9598251038126786,-0.6737498041019601,-1.2535560892333566,0.13042020400703053,0.43159043257456836,0.2647233132412441
im000015.png,0.05581837872562607,1.0777979257548747,-0.7036552107682896,-1.3328935730594749,0.047834959524352516,0.5108135245536052,0.3442839952693046
im000014.png,0.026946055498271778,1.1397386111910057,-0.6969536693983465,-1.3757283585300097,0.017780195627203357,0.5300986156011911,0.35811855001068305
im000013.png,-0.04550943703666849,1.1779045626887579,-0.7081968490427171,-1.3769013323653332,-0.05081662382789123,0.582123465221986,0.421396214361865
im000012.png,-0.03607295182770545,1.2233860128538545,-0.718434686010351,-1.4305168095920586,-0.04337337125446899,0.5880221313767129,0.41698967445401514
im000011.png,-0.07869743816165074,1.2371880402803734,-0.7405716148935189,-1.4279073672673177,-0.08240617336240684,0.6269505527274729,0.4654440006770465
im000010.png,0.01729623147887804,1.199252572245316,-0.7457404737824601,-1.445599159728818,0.009144266871320385,0.571457575349687,0.39418898756607534
im000009.png,0.02872734269667467,1.1693255124640989,-0.786701822144587,-1.4362410512929473,0.0236092432814038,0.5861533194938959,0.4151274555014596
im000008.png,-0.12309713305837773,1.1330584465503095,-0.7849818599458217,-1.3153861159968339,-0.11659287658623874,0.666973114377555,0.5400264246594063
im000007.png,-0.19902613812137776,1.0842538133898971,-0.7558495739395857,-1.215117201633607,-0.1870901702219899,0.6870183442415343,0.5858109262851281
im000006.png,-0.11527969289260714,0.9889628597118133,-0.7824859922227965,-1.1766121715017162,-0.10315932212958885,0.6448681159755076,0.5437062030593867
im000005.png,-0.17336722166054866,0.9580671989415066,-0.7807555412980447,-1.1132057668582025,-0.15612242333785914,0.673235500236,0.5921482539771477
im000004.png,-0.1472526268249966,0.9561139202302001,-0.7871434616793888,-1.127962510441418,-0.131278844180914,0.6620617412717048,0.5754617816248113
im000003.png,-0.10378537752603295,0.9095823465748206,-0.7645729189587143,-1.0985771827245177,-0.09005721331515762,0.6187202030274229,0.5286901429221782
im000002.png,-0.2513311809689756,0.9717770776741628,-0.8030480608233463,-1.0908975963037473,-0.22812008987119983,0.7322467617761539,0.6693730885169515
im000001.png,-0.28927517232191696,0.9961445380832665,-0.8182425317334969,-1.0989799188120641,-0.26366855521781135,0.7655561258961916,0.7084655141058303
